keyword,search_volume,intent_type,competitor_brands,all_intents
lumo,3900,informational,,informational
lumo ag,60,informational,,informational
lumo irrigation,30,informational,,informational
lumo smart valve,20,informational,,informational
lumo ops center,10,informational,,informational
lumo pricing,20,commercial,,commercial
lumo reviews,30,commercial,,commercial
lumo vs wiseconn,20,commercial,wiseconn,commercial
lumo vs verdi,10,commercial,verdi,commercial
smart irrigation valve,150,commercial,,commercial
smart water valve,90,commercial,,commercial
wireless irrigation valve,70,commercial,,commercial
solar powered irrigation valve,40,commercial,,commercial
cloud connected irrigation valve,20,commercial,,commercial
irrigation valve with flow meter,40,commercial,,commercial
smart irrigation valve system,30,commercial,,commercial
connected irrigation valve,30,commercial,,commercial
wifi irrigation valve,110,commercial,,commercial
cellular irrigation valve,30,commercial,,commercial
precision irrigation,1000,informational,,informational
precision irrigation system,50,commercial,,commercial
precision irrigation systems,250,commercial,,commercial
precision irrigation technology,70,commercial,,commercial
precision agriculture irrigation,90,commercial,,commercial
precision drip irrigation,110,commercial,,commercial
what is precision irrigation,320,informational,,informational
how does precision irrigation work,170,informational,,informational
benefits of precision irrigation,140,informational,,informational
precision irrigation in agriculture,260,informational,,informational
precision irrigation for vineyards,50,commercial,,commercial
irrigation automation,880,commercial,,commercial
irrigation automation system,150,commercial,,commercial
irrigation automation systems,210,commercial,,commercial
farm irrigation automation,90,commercial,,commercial
automated irrigation system,2900,commercial,,commercial
automated irrigation systems,880,commercial,,commercial
automated drip irrigation,320,commercial,,commercial
automated irrigation control,170,commercial,,informational
agricultural irrigation automation,70,commercial,,commercial
how to automate irrigation,260,informational,,informational
remote irrigation monitoring,170,commercial,,commercial
remote irrigation control,390,commercial,,commercial
remote irrigation monitoring and control system,150,commercial,,commercial
irrigation monitoring system,390,commercial,,commercial
irrigation monitoring and control,170,commercial,,commercial
real time irrigation monitoring,90,commercial,,commercial
flow monitoring for irrigation,70,commercial,,commercial
irrigation leak detection,210,commercial,,commercial
irrigation flow meter,720,commercial,,commercial
irrigation scheduling software,480,commercial,,commercial
irrigation management software,720,commercial,,commercial
irrigation scheduling,1300,informational,,informational
irrigation scheduling tools,90,commercial,,commercial
smart irrigation controller,1000,commercial,,commercial
smart irrigation controllers,480,commercial,,commercial
wifi irrigation controller,880,commercial,,commercial
best irrigation controller,590,commercial,,commercial
agricultural irrigation controller,110,commercial,,commercial
cellular irrigation controller,70,commercial,,commercial
irrigation app,320,commercial,,commercial
irrigation control app,260,commercial,,commercial
drip irrigation timer,700,commercial,,commercial
drip irrigation controller,590,commercial,,commercial
drip irrigation automation,260,commercial,,commercial
drip irrigation system,14800,commercial,,commercial
agricultural drip irrigation,880,commercial,,commercial
commercial drip irrigation,390,commercial,,commercial
drip irrigation for farms,140,commercial,,commercial
pump automation,720,commercial,,commercial
irrigation pump automation,170,commercial,,commercial
automated pump control,260,commercial,,commercial
farm pump automation,70,commercial,,commercial
agricultural pump automation,50,commercial,,commercial
automated pump,30,commercial,,commercial
pump monitoring system,480,commercial,,commercial
vineyard irrigation,880,commercial,,commercial
vineyard irrigation system,210,commercial,,commercial
vineyard irrigation systems,170,commercial,,commercial
vineyard irrigation design,110,commercial,,commercial
vineyard drip irrigation,210,commercial,,commercial
drip irrigation for vineyards,170,commercial,,commercial
wine grape irrigation,170,commercial,,commercial
irrigation for wine grapes,90,commercial,,commercial
vineyard irrigation automation,50,commercial,,commercial
precision irrigation vineyards,30,commercial,,commercial
almond irrigation,590,commercial,,commercial
almond orchard irrigation,260,commercial,,commercial
drip irrigation for almonds,170,commercial,,commercial
almond irrigation system,110,commercial,,commercial
orchard irrigation,1000,commercial,,commercial
orchard irrigation system,320,commercial,,commercial
tree fruit irrigation,140,commercial,,commercial
pistachio irrigation,390,commercial,,commercial
apple orchard irrigation,210,commercial,,commercial
cherry orchard irrigation,90,commercial,,commercial
olive grove irrigation,170,commercial,,commercial
avocado irrigation,880,commercial,,commercial
avocado orchard irrigation,170,commercial,,commercial
drip irrigation for avocado trees,320,commercial,,commercial
avocado tree irrigation,260,commercial,,commercial
citrus irrigation,390,commercial,,commercial
citrus orchard irrigation,170,commercial,,commercial
drip irrigation for citrus trees,110,commercial,,commercial
blueberry irrigation,720,commercial,,commercial
drip irrigation for blueberries,260,commercial,,commercial
blueberry drip irrigation,140,commercial,,commercial
strawberry irrigation,480,commercial,,commercial
drip irrigation for strawberries,390,commercial,,commercial
strawberry drip irrigation,170,commercial,,commercial
smart irrigation system,1400,commercial,,commercial
smart irrigation technology,150,commercial,,commercial
what are smart irrigation systems,170,informational,,informational
smart farming technology,720,informational,,informational
smart agriculture,2400,informational,,informational
agricultural iot,720,informational,,informational
farm iot,210,informational,,informational
agtech,2400,informational,,informational
ag tech,2400,informational,,informational
water conservation farming,260,informational,,informational
sgma compliance,390,informational,,informational
water use reporting,170,informational,,informational
sustainable irrigation,480,informational,,informational
agricultural water management,720,informational,,informational
farm water management software,90,commercial,,commercial
wiseconn alternative,30,commercial,wiseconn,commercial
alternatives to wiseconn,20,commercial,wiseconn,commercial
verdi alternative,20,commercial,verdi,commercial
rain bird alternative,320,commercial,rainbird,commercial
alternatives to rain bird,170,commercial,rainbird,commercial
hunter irrigation alternative,110,commercial,hunter industries,commercial
galcon alternative,70,commercial,galcon,commercial
netafim alternative,210,commercial,netafim,commercial
best smart irrigation system,390,commercial,,commercial
best irrigation automation,90,commercial,,commercial
best drip irrigation system,720,commercial,,commercial
best vineyard irrigation system,40,commercial,,commercial
irrigation technology for farms,70,commercial,,commercial
new irrigation technology,170,informational,,informational
irrigation technology,880,informational,,informational
