prompt_id,persona,category,intent_type,prompt_text,expected_visibility_score,notes,topic_cluster_id,cluster_role,cluster_topic,fanout_angle
tc_1775839502278_3421,Adult Child Caregiver (50+),educational,informational,What's the best approach to Caregiver support in Ontario,5.0,Topic cluster: Caregiver support in Ontario | Parent,tc_adult_child_50plus_Caregiver_support_in_Ontario_1775839502,parent,Caregiver support in Ontario,
tc_1775839502278_7416,Adult Child Caregiver (50+),educational,informational,common challenges with Caregiver support in Ontario,5.0,Topic cluster: Caregiver support in Ontario | Fan-out (emotional_support),tc_adult_child_50plus_Caregiver_support_in_Ontario_1775839502,fanout,Caregiver support in Ontario,emotional_support
tc_1775839502278_4651,Adult Child Caregiver (50+),business,commercial,companies that offer Caregiver support in Ontario,5.0,Topic cluster: Caregiver support in Ontario | Fan-out (specific_services),tc_adult_child_50plus_Caregiver_support_in_Ontario_1775839502,fanout,Caregiver support in Ontario,specific_services
tc_1775839502278_4422,Adult Child Caregiver (50+),educational,informational,step by step guide for Caregiver support in Ontario,5.0,Topic cluster: Caregiver support in Ontario | Fan-out (how_to_practical),tc_adult_child_50plus_Caregiver_support_in_Ontario_1775839502,fanout,Caregiver support in Ontario,how_to_practical
tc_1775839502278_6277,Adult Child Caregiver (50+),educational,informational,who qualifies for Caregiver support in Ontario,5.0,Topic cluster: Caregiver support in Ontario | Fan-out (eligibility_access),tc_adult_child_50plus_Caregiver_support_in_Ontario_1775839502,fanout,Caregiver support in Ontario,eligibility_access
tc_1775839502278_6219,Adult Child Caregiver (50+),educational,informational,local Caregiver support in Ontario options by region,5.0,Topic cluster: Caregiver support in Ontario | Fan-out (geographic),tc_adult_child_50plus_Caregiver_support_in_Ontario_1775839502,fanout,Caregiver support in Ontario,geographic
tc_1775839502278_8570,Adult Child Caregiver (Under 50),educational,informational,What's the best approach to Caregiver support in Ontario,5.0,Topic cluster: Caregiver support in Ontario | Parent,tc_adult_child_under50_Caregiver_support_in_Ontario_1775839502,parent,Caregiver support in Ontario,
tc_1775839502278_8134,Adult Child Caregiver (Under 50),educational,informational,common challenges with Caregiver support in Ontario,5.0,Topic cluster: Caregiver support in Ontario | Fan-out (emotional_support),tc_adult_child_under50_Caregiver_support_in_Ontario_1775839502,fanout,Caregiver support in Ontario,emotional_support
tc_1775839502278_4815,Adult Child Caregiver (Under 50),educational,informational,step by step guide for Caregiver support in Ontario,5.0,Topic cluster: Caregiver support in Ontario | Fan-out (how_to_practical),tc_adult_child_under50_Caregiver_support_in_Ontario_1775839502,fanout,Caregiver support in Ontario,how_to_practical
tc_1775839502278_1988,Adult Child Caregiver (Under 50),business,commercial,Caregiver support in Ontario services and solutions,5.0,Topic cluster: Caregiver support in Ontario | Fan-out (specific_services),tc_adult_child_under50_Caregiver_support_in_Ontario_1775839502,fanout,Caregiver support in Ontario,specific_services
tc_1775839502278_9591,Adult Child Caregiver (Under 50),educational,informational,local Caregiver support in Ontario options by region,5.0,Topic cluster: Caregiver support in Ontario | Fan-out (geographic),tc_adult_child_under50_Caregiver_support_in_Ontario_1775839502,fanout,Caregiver support in Ontario,geographic
tc_1775839502278_9609,Adult Child Caregiver (Under 50),educational,informational,requirements for Caregiver support in Ontario,5.0,Topic cluster: Caregiver support in Ontario | Fan-out (eligibility_access),tc_adult_child_under50_Caregiver_support_in_Ontario_1775839502,fanout,Caregiver support in Ontario,eligibility_access
tc_1775839502278_1021,Spousal Caregiver,educational,informational,What's the best approach to Caregiver support in Ontario,5.0,Topic cluster: Caregiver support in Ontario | Parent,tc_spousal_caregiver_Caregiver_support_in_Ontario_1775839502,parent,Caregiver support in Ontario,
tc_1775839502278_2274,Spousal Caregiver,business,commercial,Caregiver support in Ontario services and solutions,5.0,Topic cluster: Caregiver support in Ontario | Fan-out (specific_services),tc_spousal_caregiver_Caregiver_support_in_Ontario_1775839502,fanout,Caregiver support in Ontario,specific_services
tc_1775839502278_8617,Spousal Caregiver,educational,informational,checklist for Caregiver support in Ontario,5.0,Topic cluster: Caregiver support in Ontario | Fan-out (how_to_practical),tc_spousal_caregiver_Caregiver_support_in_Ontario_1775839502,fanout,Caregiver support in Ontario,how_to_practical
tc_1775839502278_9441,Spousal Caregiver,educational,informational,community forums for Caregiver support in Ontario,5.0,Topic cluster: Caregiver support in Ontario | Fan-out (emotional_support),tc_spousal_caregiver_Caregiver_support_in_Ontario_1775839502,fanout,Caregiver support in Ontario,emotional_support
tc_1775839502278_1216,Spousal Caregiver,educational,informational,Caregiver support in Ontario providers near me,5.0,Topic cluster: Caregiver support in Ontario | Fan-out (geographic),tc_spousal_caregiver_Caregiver_support_in_Ontario_1775839502,fanout,Caregiver support in Ontario,geographic
tc_1775839502278_6233,Spousal Caregiver,educational,informational,how to access Caregiver support in Ontario,5.0,Topic cluster: Caregiver support in Ontario | Fan-out (eligibility_access),tc_spousal_caregiver_Caregiver_support_in_Ontario_1775839502,fanout,Caregiver support in Ontario,eligibility_access
tc_1775839502278_2693,Adult Child Caregiver (50+),educational,informational,What should I know about Hospital discharge planning as adult child of aging parent,5.0,Topic cluster: Hospital discharge planning | Parent,tc_adult_child_50plus_Hospital_discharge_planning_1775839502,parent,Hospital discharge planning,
tc_1775839502278_2107,Adult Child Caregiver (50+),business,commercial,companies that offer Hospital discharge planning,5.0,Topic cluster: Hospital discharge planning | Fan-out (specific_services),tc_adult_child_50plus_Hospital_discharge_planning_1775839502,fanout,Hospital discharge planning,specific_services
tc_1775839502278_2700,Adult Child Caregiver (50+),educational,informational,community forums for Hospital discharge planning,5.0,Topic cluster: Hospital discharge planning | Fan-out (emotional_support),tc_adult_child_50plus_Hospital_discharge_planning_1775839502,fanout,Hospital discharge planning,emotional_support
tc_1775839502278_9854,Adult Child Caregiver (50+),educational,informational,Hospital discharge planning providers near me,5.0,Topic cluster: Hospital discharge planning | Fan-out (geographic),tc_adult_child_50plus_Hospital_discharge_planning_1775839502,fanout,Hospital discharge planning,geographic
tc_1775839502278_6368,Adult Child Caregiver (50+),educational,informational,requirements for Hospital discharge planning,5.0,Topic cluster: Hospital discharge planning | Fan-out (eligibility_access),tc_adult_child_50plus_Hospital_discharge_planning_1775839502,fanout,Hospital discharge planning,eligibility_access
tc_1775839502278_8780,Adult Child Caregiver (50+),educational,informational,checklist for Hospital discharge planning,5.0,Topic cluster: Hospital discharge planning | Fan-out (how_to_practical),tc_adult_child_50plus_Hospital_discharge_planning_1775839502,fanout,Hospital discharge planning,how_to_practical
tc_1775839502278_8341,Adult Child Caregiver (Under 50),educational,informational,What's the best approach to Hospital discharge planning,5.0,Topic cluster: Hospital discharge planning | Parent,tc_adult_child_under50_Hospital_discharge_planning_1775839502,parent,Hospital discharge planning,
tc_1775839502278_6465,Adult Child Caregiver (Under 50),educational,informational,how to access Hospital discharge planning,5.0,Topic cluster: Hospital discharge planning | Fan-out (eligibility_access),tc_adult_child_under50_Hospital_discharge_planning_1775839502,fanout,Hospital discharge planning,eligibility_access
tc_1775839502278_5403,Adult Child Caregiver (Under 50),educational,informational,advice from people experienced with Hospital discharge planning,5.0,Topic cluster: Hospital discharge planning | Fan-out (emotional_support),tc_adult_child_under50_Hospital_discharge_planning_1775839502,fanout,Hospital discharge planning,emotional_support
tc_1775839502278_2309,Adult Child Caregiver (Under 50),educational,informational,Hospital discharge planning providers near me,5.0,Topic cluster: Hospital discharge planning | Fan-out (geographic),tc_adult_child_under50_Hospital_discharge_planning_1775839502,fanout,Hospital discharge planning,geographic
tc_1775839502278_8680,Adult Child Caregiver (Under 50),business,commercial,companies that offer Hospital discharge planning,5.0,Topic cluster: Hospital discharge planning | Fan-out (specific_services),tc_adult_child_under50_Hospital_discharge_planning_1775839502,fanout,Hospital discharge planning,specific_services
tc_1775839502278_8069,Adult Child Caregiver (Under 50),educational,informational,checklist for Hospital discharge planning,5.0,Topic cluster: Hospital discharge planning | Fan-out (how_to_practical),tc_adult_child_under50_Hospital_discharge_planning_1775839502,fanout,Hospital discharge planning,how_to_practical
tc_1775839502278_9336,Adult Child Caregiver (50+),educational,informational,What should I know about Caregiver burnout and stress as adult child of aging parent,5.0,Topic cluster: Caregiver burnout and stress | Parent,tc_adult_child_50plus_Caregiver_burnout_and_stress_1775839502,parent,Caregiver burnout and stress,
tc_1775839502278_6637,Adult Child Caregiver (50+),educational,informational,local Caregiver burnout and stress options by region,5.0,Topic cluster: Caregiver burnout and stress | Fan-out (geographic),tc_adult_child_50plus_Caregiver_burnout_and_stress_1775839502,fanout,Caregiver burnout and stress,geographic
tc_1775839502278_3227,Adult Child Caregiver (50+),educational,informational,community forums for Caregiver burnout and stress,5.0,Topic cluster: Caregiver burnout and stress | Fan-out (emotional_support),tc_adult_child_50plus_Caregiver_burnout_and_stress_1775839502,fanout,Caregiver burnout and stress,emotional_support
tc_1775839502278_8281,Adult Child Caregiver (50+),educational,informational,step by step guide for Caregiver burnout and stress,5.0,Topic cluster: Caregiver burnout and stress | Fan-out (how_to_practical),tc_adult_child_50plus_Caregiver_burnout_and_stress_1775839502,fanout,Caregiver burnout and stress,how_to_practical
tc_1775839502278_9813,Adult Child Caregiver (50+),educational,informational,how to access Caregiver burnout and stress,5.0,Topic cluster: Caregiver burnout and stress | Fan-out (eligibility_access),tc_adult_child_50plus_Caregiver_burnout_and_stress_1775839502,fanout,Caregiver burnout and stress,eligibility_access
tc_1775839502278_9201,Adult Child Caregiver (50+),business,commercial,Caregiver burnout and stress services and solutions,5.0,Topic cluster: Caregiver burnout and stress | Fan-out (specific_services),tc_adult_child_50plus_Caregiver_burnout_and_stress_1775839502,fanout,Caregiver burnout and stress,specific_services
tc_1775839502278_5077,Adult Child Caregiver (Under 50),educational,informational,What's the best approach to Caregiver burnout and stress,5.0,Topic cluster: Caregiver burnout and stress | Parent,tc_adult_child_under50_Caregiver_burnout_and_stress_1775839502,parent,Caregiver burnout and stress,
tc_1775839502278_2708,Adult Child Caregiver (Under 50),educational,informational,who qualifies for Caregiver burnout and stress,5.0,Topic cluster: Caregiver burnout and stress | Fan-out (eligibility_access),tc_adult_child_under50_Caregiver_burnout_and_stress_1775839502,fanout,Caregiver burnout and stress,eligibility_access
tc_1775839502278_8306,Adult Child Caregiver (Under 50),educational,informational,checklist for Caregiver burnout and stress,5.0,Topic cluster: Caregiver burnout and stress | Fan-out (how_to_practical),tc_adult_child_under50_Caregiver_burnout_and_stress_1775839502,fanout,Caregiver burnout and stress,how_to_practical
tc_1775839502278_7068,Adult Child Caregiver (Under 50),educational,informational,common challenges with Caregiver burnout and stress,5.0,Topic cluster: Caregiver burnout and stress | Fan-out (emotional_support),tc_adult_child_under50_Caregiver_burnout_and_stress_1775839502,fanout,Caregiver burnout and stress,emotional_support
tc_1775839502278_3632,Adult Child Caregiver (Under 50),educational,informational,Caregiver burnout and stress providers near me,5.0,Topic cluster: Caregiver burnout and stress | Fan-out (geographic),tc_adult_child_under50_Caregiver_burnout_and_stress_1775839502,fanout,Caregiver burnout and stress,geographic
tc_1775839502278_4076,Adult Child Caregiver (Under 50),business,commercial,best providers for Caregiver burnout and stress,5.0,Topic cluster: Caregiver burnout and stress | Fan-out (specific_services),tc_adult_child_under50_Caregiver_burnout_and_stress_1775839502,fanout,Caregiver burnout and stress,specific_services
tc_1775839502278_4068,Spousal Caregiver,educational,informational,What's the best approach to Caregiver burnout and stress,5.0,Topic cluster: Caregiver burnout and stress | Parent,tc_spousal_caregiver_Caregiver_burnout_and_stress_1775839502,parent,Caregiver burnout and stress,
tc_1775839502278_3053,Spousal Caregiver,educational,informational,advice from people experienced with Caregiver burnout and stress,5.0,Topic cluster: Caregiver burnout and stress | Fan-out (emotional_support),tc_spousal_caregiver_Caregiver_burnout_and_stress_1775839502,fanout,Caregiver burnout and stress,emotional_support
tc_1775839502278_5087,Spousal Caregiver,educational,informational,checklist for Caregiver burnout and stress,5.0,Topic cluster: Caregiver burnout and stress | Fan-out (how_to_practical),tc_spousal_caregiver_Caregiver_burnout_and_stress_1775839502,fanout,Caregiver burnout and stress,how_to_practical
tc_1775839502278_9032,Spousal Caregiver,business,commercial,Caregiver burnout and stress services and solutions,5.0,Topic cluster: Caregiver burnout and stress | Fan-out (specific_services),tc_spousal_caregiver_Caregiver_burnout_and_stress_1775839502,fanout,Caregiver burnout and stress,specific_services
tc_1775839502278_3050,Spousal Caregiver,educational,informational,requirements for Caregiver burnout and stress,5.0,Topic cluster: Caregiver burnout and stress | Fan-out (eligibility_access),tc_spousal_caregiver_Caregiver_burnout_and_stress_1775839502,fanout,Caregiver burnout and stress,eligibility_access
tc_1775839502278_3494,Spousal Caregiver,educational,informational,Caregiver burnout and stress options in Canada,5.0,Topic cluster: Caregiver burnout and stress | Fan-out (geographic),tc_spousal_caregiver_Caregiver_burnout_and_stress_1775839502,fanout,Caregiver burnout and stress,geographic
tc_1775839502278_6710,Mental Health Caregiver,educational,informational,What should I know about Caregiver burnout and stress as mental health caregiver,5.0,Topic cluster: Caregiver burnout and stress | Parent,tc_mental_health_caregiver_Caregiver_burnout_and_stress_1775839502,parent,Caregiver burnout and stress,
tc_1775839502278_2330,Mental Health Caregiver,educational,informational,checklist for Caregiver burnout and stress,5.0,Topic cluster: Caregiver burnout and stress | Fan-out (how_to_practical),tc_mental_health_caregiver_Caregiver_burnout_and_stress_1775839502,fanout,Caregiver burnout and stress,how_to_practical
tc_1775839502278_9620,Mental Health Caregiver,educational,informational,common challenges with Caregiver burnout and stress,5.0,Topic cluster: Caregiver burnout and stress | Fan-out (emotional_support),tc_mental_health_caregiver_Caregiver_burnout_and_stress_1775839502,fanout,Caregiver burnout and stress,emotional_support
tc_1775839502278_4313,Mental Health Caregiver,business,commercial,best providers for Caregiver burnout and stress,5.0,Topic cluster: Caregiver burnout and stress | Fan-out (specific_services),tc_mental_health_caregiver_Caregiver_burnout_and_stress_1775839502,fanout,Caregiver burnout and stress,specific_services
tc_1775839502278_9491,Mental Health Caregiver,educational,informational,who qualifies for Caregiver burnout and stress,5.0,Topic cluster: Caregiver burnout and stress | Fan-out (eligibility_access),tc_mental_health_caregiver_Caregiver_burnout_and_stress_1775839502,fanout,Caregiver burnout and stress,eligibility_access
tc_1775839502278_8422,Mental Health Caregiver,educational,informational,Caregiver burnout and stress options in Canada,5.0,Topic cluster: Caregiver burnout and stress | Fan-out (geographic),tc_mental_health_caregiver_Caregiver_burnout_and_stress_1775839502,fanout,Caregiver burnout and stress,geographic
tc_1775839502278_7547,Adult Child Caregiver (50+),educational,informational,I need help with Respite care options — where do I start,5.0,Topic cluster: Respite care options | Parent,tc_adult_child_50plus_Respite_care_options_1775839502,parent,Respite care options,
tc_1775839502278_7101,Adult Child Caregiver (50+),educational,informational,how to access Respite care options,5.0,Topic cluster: Respite care options | Fan-out (eligibility_access),tc_adult_child_50plus_Respite_care_options_1775839502,fanout,Respite care options,eligibility_access
tc_1775839502278_2916,Adult Child Caregiver (50+),educational,informational,checklist for Respite care options,5.0,Topic cluster: Respite care options | Fan-out (how_to_practical),tc_adult_child_50plus_Respite_care_options_1775839502,fanout,Respite care options,how_to_practical
tc_1775839502278_4551,Adult Child Caregiver (50+),business,commercial,best providers for Respite care options,5.0,Topic cluster: Respite care options | Fan-out (specific_services),tc_adult_child_50plus_Respite_care_options_1775839502,fanout,Respite care options,specific_services
tc_1775839502278_3062,Adult Child Caregiver (50+),educational,informational,community forums for Respite care options,5.0,Topic cluster: Respite care options | Fan-out (emotional_support),tc_adult_child_50plus_Respite_care_options_1775839502,fanout,Respite care options,emotional_support
tc_1775839502278_7800,Adult Child Caregiver (50+),educational,informational,Respite care options providers near me,5.0,Topic cluster: Respite care options | Fan-out (geographic),tc_adult_child_50plus_Respite_care_options_1775839502,fanout,Respite care options,geographic
tc_1775839502278_1382,Spousal Caregiver,educational,informational,What's the best approach to Respite care options,5.0,Topic cluster: Respite care options | Parent,tc_spousal_caregiver_Respite_care_options_1775839502,parent,Respite care options,
tc_1775839502278_7971,Spousal Caregiver,business,commercial,companies that offer Respite care options,5.0,Topic cluster: Respite care options | Fan-out (specific_services),tc_spousal_caregiver_Respite_care_options_1775839502,fanout,Respite care options,specific_services
tc_1775839502278_6515,Spousal Caregiver,educational,informational,how to access Respite care options,5.0,Topic cluster: Respite care options | Fan-out (eligibility_access),tc_spousal_caregiver_Respite_care_options_1775839502,fanout,Respite care options,eligibility_access
tc_1775839502278_3718,Spousal Caregiver,educational,informational,local Respite care options options by region,5.0,Topic cluster: Respite care options | Fan-out (geographic),tc_spousal_caregiver_Respite_care_options_1775839502,fanout,Respite care options,geographic
tc_1775839502278_3860,Spousal Caregiver,educational,informational,community forums for Respite care options,5.0,Topic cluster: Respite care options | Fan-out (emotional_support),tc_spousal_caregiver_Respite_care_options_1775839502,fanout,Respite care options,emotional_support
tc_1775839502278_6965,Spousal Caregiver,educational,informational,step by step guide for Respite care options,5.0,Topic cluster: Respite care options | Fan-out (how_to_practical),tc_spousal_caregiver_Respite_care_options_1775839502,fanout,Respite care options,how_to_practical
tc_1775839502278_4916,Parent of Child w/ Complex Needs,educational,informational,I need help with Respite care options — where do I start,5.0,Topic cluster: Respite care options | Parent,tc_parent_complex_needs_Respite_care_options_1775839502,parent,Respite care options,
tc_1775839502278_6427,Parent of Child w/ Complex Needs,educational,informational,checklist for Respite care options,5.0,Topic cluster: Respite care options | Fan-out (how_to_practical),tc_parent_complex_needs_Respite_care_options_1775839502,fanout,Respite care options,how_to_practical
tc_1775839502278_1710,Parent of Child w/ Complex Needs,educational,informational,community forums for Respite care options,5.0,Topic cluster: Respite care options | Fan-out (emotional_support),tc_parent_complex_needs_Respite_care_options_1775839502,fanout,Respite care options,emotional_support
tc_1775839502278_8135,Parent of Child w/ Complex Needs,educational,informational,local Respite care options options by region,5.0,Topic cluster: Respite care options | Fan-out (geographic),tc_parent_complex_needs_Respite_care_options_1775839502,fanout,Respite care options,geographic
tc_1775839502278_7567,Parent of Child w/ Complex Needs,educational,informational,requirements for Respite care options,5.0,Topic cluster: Respite care options | Fan-out (eligibility_access),tc_parent_complex_needs_Respite_care_options_1775839502,fanout,Respite care options,eligibility_access
tc_1775839502278_6166,Parent of Child w/ Complex Needs,business,commercial,best providers for Respite care options,5.0,Topic cluster: Respite care options | Fan-out (specific_services),tc_parent_complex_needs_Respite_care_options_1775839502,fanout,Respite care options,specific_services
tc_1775839502278_3819,Adult Child Caregiver (50+),educational,informational,I'm looking for information about Caring for aging parents,5.0,Topic cluster: Caring for aging parents | Parent,tc_adult_child_50plus_Caring_for_aging_parents_1775839502,parent,Caring for aging parents,
tc_1775839502278_1195,Adult Child Caregiver (50+),business,commercial,companies that offer Caring for aging parents,5.0,Topic cluster: Caring for aging parents | Fan-out (specific_services),tc_adult_child_50plus_Caring_for_aging_parents_1775839502,fanout,Caring for aging parents,specific_services
tc_1775839502278_9250,Adult Child Caregiver (50+),educational,informational,advice from people experienced with Caring for aging parents,5.0,Topic cluster: Caring for aging parents | Fan-out (emotional_support),tc_adult_child_50plus_Caring_for_aging_parents_1775839502,fanout,Caring for aging parents,emotional_support
tc_1775839502278_1688,Adult Child Caregiver (50+),educational,informational,step by step guide for Caring for aging parents,5.0,Topic cluster: Caring for aging parents | Fan-out (how_to_practical),tc_adult_child_50plus_Caring_for_aging_parents_1775839502,fanout,Caring for aging parents,how_to_practical
tc_1775839502278_4488,Adult Child Caregiver (50+),educational,informational,who qualifies for Caring for aging parents,5.0,Topic cluster: Caring for aging parents | Fan-out (eligibility_access),tc_adult_child_50plus_Caring_for_aging_parents_1775839502,fanout,Caring for aging parents,eligibility_access
tc_1775839502278_1301,Adult Child Caregiver (50+),educational,informational,Caring for aging parents providers near me,5.0,Topic cluster: Caring for aging parents | Fan-out (geographic),tc_adult_child_50plus_Caring_for_aging_parents_1775839502,fanout,Caring for aging parents,geographic
tc_1775839502278_7269,Adult Child Caregiver (Under 50),educational,informational,I'm looking for information about Caring for aging parents,5.0,Topic cluster: Caring for aging parents | Parent,tc_adult_child_under50_Caring_for_aging_parents_1775839502,parent,Caring for aging parents,
tc_1775839502278_5619,Adult Child Caregiver (Under 50),business,commercial,Caring for aging parents services and solutions,5.0,Topic cluster: Caring for aging parents | Fan-out (specific_services),tc_adult_child_under50_Caring_for_aging_parents_1775839502,fanout,Caring for aging parents,specific_services
tc_1775839502278_8584,Adult Child Caregiver (Under 50),educational,informational,community forums for Caring for aging parents,5.0,Topic cluster: Caring for aging parents | Fan-out (emotional_support),tc_adult_child_under50_Caring_for_aging_parents_1775839502,fanout,Caring for aging parents,emotional_support
tc_1775839502278_8197,Adult Child Caregiver (Under 50),educational,informational,who qualifies for Caring for aging parents,5.0,Topic cluster: Caring for aging parents | Fan-out (eligibility_access),tc_adult_child_under50_Caring_for_aging_parents_1775839502,fanout,Caring for aging parents,eligibility_access
tc_1775839502278_1831,Adult Child Caregiver (Under 50),educational,informational,step by step guide for Caring for aging parents,5.0,Topic cluster: Caring for aging parents | Fan-out (how_to_practical),tc_adult_child_under50_Caring_for_aging_parents_1775839502,fanout,Caring for aging parents,how_to_practical
tc_1775839502278_2471,Adult Child Caregiver (Under 50),educational,informational,Caring for aging parents providers near me,5.0,Topic cluster: Caring for aging parents | Fan-out (geographic),tc_adult_child_under50_Caring_for_aging_parents_1775839502,fanout,Caring for aging parents,geographic
tc_1775839502278_9544,Adult Child Caregiver (Under 50),educational,informational,I need help with Peer support and support groups — where do I start,5.0,Topic cluster: Peer support and support groups | Parent,tc_adult_child_under50_Peer_support_and_support_group_1775839502,parent,Peer support and support groups,
tc_1775839502278_9165,Adult Child Caregiver (Under 50),business,commercial,companies that offer Peer support and support groups,5.0,Topic cluster: Peer support and support groups | Fan-out (specific_services),tc_adult_child_under50_Peer_support_and_support_group_1775839502,fanout,Peer support and support groups,specific_services
tc_1775839502278_8209,Adult Child Caregiver (Under 50),educational,informational,step by step guide for Peer support and support groups,5.0,Topic cluster: Peer support and support groups | Fan-out (how_to_practical),tc_adult_child_under50_Peer_support_and_support_group_1775839502,fanout,Peer support and support groups,how_to_practical
tc_1775839502278_9344,Adult Child Caregiver (Under 50),educational,informational,Peer support and support groups options in Canada,5.0,Topic cluster: Peer support and support groups | Fan-out (geographic),tc_adult_child_under50_Peer_support_and_support_group_1775839502,fanout,Peer support and support groups,geographic
tc_1775839502278_8385,Adult Child Caregiver (Under 50),educational,informational,advice from people experienced with Peer support and support groups,5.0,Topic cluster: Peer support and support groups | Fan-out (emotional_support),tc_adult_child_under50_Peer_support_and_support_group_1775839502,fanout,Peer support and support groups,emotional_support
tc_1775839502278_5209,Adult Child Caregiver (Under 50),educational,informational,how to access Peer support and support groups,5.0,Topic cluster: Peer support and support groups | Fan-out (eligibility_access),tc_adult_child_under50_Peer_support_and_support_group_1775839502,fanout,Peer support and support groups,eligibility_access
tc_1775839502278_7700,Spousal Caregiver,educational,informational,What's the best approach to Peer support and support groups,5.0,Topic cluster: Peer support and support groups | Parent,tc_spousal_caregiver_Peer_support_and_support_group_1775839502,parent,Peer support and support groups,
tc_1775839502278_8239,Spousal Caregiver,educational,informational,requirements for Peer support and support groups,5.0,Topic cluster: Peer support and support groups | Fan-out (eligibility_access),tc_spousal_caregiver_Peer_support_and_support_group_1775839502,fanout,Peer support and support groups,eligibility_access
tc_1775839502278_3577,Spousal Caregiver,educational,informational,step by step guide for Peer support and support groups,5.0,Topic cluster: Peer support and support groups | Fan-out (how_to_practical),tc_spousal_caregiver_Peer_support_and_support_group_1775839502,fanout,Peer support and support groups,how_to_practical
tc_1775839502278_3762,Spousal Caregiver,business,commercial,Peer support and support groups services and solutions,5.0,Topic cluster: Peer support and support groups | Fan-out (specific_services),tc_spousal_caregiver_Peer_support_and_support_group_1775839502,fanout,Peer support and support groups,specific_services
tc_1775839502278_6903,Spousal Caregiver,educational,informational,Peer support and support groups options in Canada,5.0,Topic cluster: Peer support and support groups | Fan-out (geographic),tc_spousal_caregiver_Peer_support_and_support_group_1775839502,fanout,Peer support and support groups,geographic
tc_1775839502278_4762,Spousal Caregiver,educational,informational,advice from people experienced with Peer support and support groups,5.0,Topic cluster: Peer support and support groups | Fan-out (emotional_support),tc_spousal_caregiver_Peer_support_and_support_group_1775839502,fanout,Peer support and support groups,emotional_support
tc_1775839502278_4121,Mental Health Caregiver,educational,informational,What's the best approach to Peer support and support groups,5.0,Topic cluster: Peer support and support groups | Parent,tc_mental_health_caregiver_Peer_support_and_support_group_1775839502,parent,Peer support and support groups,
tc_1775839502278_7720,Mental Health Caregiver,educational,informational,step by step guide for Peer support and support groups,5.0,Topic cluster: Peer support and support groups | Fan-out (how_to_practical),tc_mental_health_caregiver_Peer_support_and_support_group_1775839502,fanout,Peer support and support groups,how_to_practical
tc_1775839502278_1255,Mental Health Caregiver,educational,informational,Peer support and support groups providers near me,5.0,Topic cluster: Peer support and support groups | Fan-out (geographic),tc_mental_health_caregiver_Peer_support_and_support_group_1775839502,fanout,Peer support and support groups,geographic
tc_1775839502278_9910,Mental Health Caregiver,business,commercial,companies that offer Peer support and support groups,5.0,Topic cluster: Peer support and support groups | Fan-out (specific_services),tc_mental_health_caregiver_Peer_support_and_support_group_1775839502,fanout,Peer support and support groups,specific_services
tc_1775839502278_2917,Mental Health Caregiver,educational,informational,who qualifies for Peer support and support groups,5.0,Topic cluster: Peer support and support groups | Fan-out (eligibility_access),tc_mental_health_caregiver_Peer_support_and_support_group_1775839502,fanout,Peer support and support groups,eligibility_access
tc_1775839502278_8928,Mental Health Caregiver,educational,informational,common challenges with Peer support and support groups,5.0,Topic cluster: Peer support and support groups | Fan-out (emotional_support),tc_mental_health_caregiver_Peer_support_and_support_group_1775839502,fanout,Peer support and support groups,emotional_support
tc_1775839502278_2887,Young Caregiver (Under 26),educational,informational,Can you help me understand Peer support and support groups,5.0,Topic cluster: Peer support and support groups | Parent,tc_young_caregiver_Peer_support_and_support_group_1775839502,parent,Peer support and support groups,
tc_1775839502278_2789,Young Caregiver (Under 26),educational,informational,how to get started with Peer support and support groups,5.0,Topic cluster: Peer support and support groups | Fan-out (how_to_practical),tc_young_caregiver_Peer_support_and_support_group_1775839502,fanout,Peer support and support groups,how_to_practical
tc_1775839502278_4244,Young Caregiver (Under 26),business,commercial,best providers for Peer support and support groups,5.0,Topic cluster: Peer support and support groups | Fan-out (specific_services),tc_young_caregiver_Peer_support_and_support_group_1775839502,fanout,Peer support and support groups,specific_services
tc_1775839502278_3508,Young Caregiver (Under 26),educational,informational,Peer support and support groups options in Canada,5.0,Topic cluster: Peer support and support groups | Fan-out (geographic),tc_young_caregiver_Peer_support_and_support_group_1775839502,fanout,Peer support and support groups,geographic
tc_1775839502278_8777,Young Caregiver (Under 26),educational,informational,advice from people experienced with Peer support and support groups,5.0,Topic cluster: Peer support and support groups | Fan-out (emotional_support),tc_young_caregiver_Peer_support_and_support_group_1775839502,fanout,Peer support and support groups,emotional_support
tc_1775839502278_9762,Young Caregiver (Under 26),educational,informational,who qualifies for Peer support and support groups,5.0,Topic cluster: Peer support and support groups | Fan-out (eligibility_access),tc_young_caregiver_Peer_support_and_support_group_1775839502,fanout,Peer support and support groups,eligibility_access
tc_1775839502278_2107,Mental Health Caregiver,educational,informational,I'm looking for information about Supporting someone with mental illness,5.0,Topic cluster: Supporting someone with mental illness | Parent,tc_mental_health_caregiver_Supporting_someone_with_mental_1775839502,parent,Supporting someone with mental illness,
tc_1775839502278_1902,Mental Health Caregiver,educational,informational,advice from people experienced with Supporting someone with mental illness,5.0,Topic cluster: Supporting someone with mental illness | Fan-out (emotional_support),tc_mental_health_caregiver_Supporting_someone_with_mental_1775839502,fanout,Supporting someone with mental illness,emotional_support
tc_1775839502278_7485,Mental Health Caregiver,educational,informational,Supporting someone with mental illness providers near me,5.0,Topic cluster: Supporting someone with mental illness | Fan-out (geographic),tc_mental_health_caregiver_Supporting_someone_with_mental_1775839502,fanout,Supporting someone with mental illness,geographic
tc_1775839502278_4022,Mental Health Caregiver,business,commercial,Supporting someone with mental illness services and solutions,5.0,Topic cluster: Supporting someone with mental illness | Fan-out (specific_services),tc_mental_health_caregiver_Supporting_someone_with_mental_1775839502,fanout,Supporting someone with mental illness,specific_services
tc_1775839502278_5939,Mental Health Caregiver,educational,informational,how to get started with Supporting someone with mental illness,5.0,Topic cluster: Supporting someone with mental illness | Fan-out (how_to_practical),tc_mental_health_caregiver_Supporting_someone_with_mental_1775839502,fanout,Supporting someone with mental illness,how_to_practical
tc_1775839502278_8168,Mental Health Caregiver,educational,informational,how to access Supporting someone with mental illness,5.0,Topic cluster: Supporting someone with mental illness | Fan-out (eligibility_access),tc_mental_health_caregiver_Supporting_someone_with_mental_1775839502,fanout,Supporting someone with mental illness,eligibility_access
tc_1775839502278_2712,Young Caregiver (Under 26),educational,informational,What are my options for Young carers and student caregivers as young carer (parent/grandparent),5.0,Topic cluster: Young carers and student caregivers | Parent,tc_young_caregiver_Young_carers_and_student_careg_1775839502,parent,Young carers and student caregivers,
tc_1775839502278_5098,Young Caregiver (Under 26),educational,informational,local Young carers and student caregivers options by region,5.0,Topic cluster: Young carers and student caregivers | Fan-out (geographic),tc_young_caregiver_Young_carers_and_student_careg_1775839502,fanout,Young carers and student caregivers,geographic
tc_1775839502278_8134,Young Caregiver (Under 26),educational,informational,advice from people experienced with Young carers and student caregivers,5.0,Topic cluster: Young carers and student caregivers | Fan-out (emotional_support),tc_young_caregiver_Young_carers_and_student_careg_1775839502,fanout,Young carers and student caregivers,emotional_support
tc_1775839502278_4163,Young Caregiver (Under 26),educational,informational,how to access Young carers and student caregivers,5.0,Topic cluster: Young carers and student caregivers | Fan-out (eligibility_access),tc_young_caregiver_Young_carers_and_student_careg_1775839502,fanout,Young carers and student caregivers,eligibility_access
tc_1775839502278_1698,Young Caregiver (Under 26),educational,informational,step by step guide for Young carers and student caregivers,5.0,Topic cluster: Young carers and student caregivers | Fan-out (how_to_practical),tc_young_caregiver_Young_carers_and_student_careg_1775839502,fanout,Young carers and student caregivers,how_to_practical
tc_1775839502278_3186,Young Caregiver (Under 26),business,commercial,Young carers and student caregivers services and solutions,5.0,Topic cluster: Young carers and student caregivers | Fan-out (specific_services),tc_young_caregiver_Young_carers_and_student_careg_1775839502,fanout,Young carers and student caregivers,specific_services
tc_1775839502278_4025,Adult Child Caregiver (Under 50),educational,informational,What are my options for Balancing work and caregiving as sandwich generation adult child,5.0,Topic cluster: Balancing work and caregiving | Parent,tc_adult_child_under50_Balancing_work_and_caregiving_1775839502,parent,Balancing work and caregiving,
tc_1775839502278_2556,Adult Child Caregiver (Under 50),business,commercial,best providers for Balancing work and caregiving,5.0,Topic cluster: Balancing work and caregiving | Fan-out (specific_services),tc_adult_child_under50_Balancing_work_and_caregiving_1775839502,fanout,Balancing work and caregiving,specific_services
tc_1775839502278_9433,Adult Child Caregiver (Under 50),educational,informational,checklist for Balancing work and caregiving,5.0,Topic cluster: Balancing work and caregiving | Fan-out (how_to_practical),tc_adult_child_under50_Balancing_work_and_caregiving_1775839502,fanout,Balancing work and caregiving,how_to_practical
tc_1775839502278_6830,Adult Child Caregiver (Under 50),educational,informational,advice from people experienced with Balancing work and caregiving,5.0,Topic cluster: Balancing work and caregiving | Fan-out (emotional_support),tc_adult_child_under50_Balancing_work_and_caregiving_1775839502,fanout,Balancing work and caregiving,emotional_support
tc_1775839502278_1789,Adult Child Caregiver (Under 50),educational,informational,Balancing work and caregiving providers near me,5.0,Topic cluster: Balancing work and caregiving | Fan-out (geographic),tc_adult_child_under50_Balancing_work_and_caregiving_1775839502,fanout,Balancing work and caregiving,geographic
tc_1775839502278_5160,Adult Child Caregiver (Under 50),educational,informational,requirements for Balancing work and caregiving,5.0,Topic cluster: Balancing work and caregiving | Fan-out (eligibility_access),tc_adult_child_under50_Balancing_work_and_caregiving_1775839502,fanout,Balancing work and caregiving,eligibility_access
tc_1775839502278_8288,Employer / HR Leader,educational,informational,I need help with Balancing work and caregiving — where do I start,5.0,Topic cluster: Balancing work and caregiving | Parent,tc_employer_hr_Balancing_work_and_caregiving_1775839502,parent,Balancing work and caregiving,
tc_1775839502278_8958,Employer / HR Leader,business,commercial,companies that offer Balancing work and caregiving,5.0,Topic cluster: Balancing work and caregiving | Fan-out (specific_services),tc_employer_hr_Balancing_work_and_caregiving_1775839502,fanout,Balancing work and caregiving,specific_services
tc_1775839502278_1264,Employer / HR Leader,educational,informational,how to get started with Balancing work and caregiving,5.0,Topic cluster: Balancing work and caregiving | Fan-out (how_to_practical),tc_employer_hr_Balancing_work_and_caregiving_1775839502,fanout,Balancing work and caregiving,how_to_practical
tc_1775839502278_8835,Employer / HR Leader,educational,informational,who qualifies for Balancing work and caregiving,5.0,Topic cluster: Balancing work and caregiving | Fan-out (eligibility_access),tc_employer_hr_Balancing_work_and_caregiving_1775839502,fanout,Balancing work and caregiving,eligibility_access
tc_1775839502278_2654,Employer / HR Leader,educational,informational,advice from people experienced with Balancing work and caregiving,5.0,Topic cluster: Balancing work and caregiving | Fan-out (emotional_support),tc_employer_hr_Balancing_work_and_caregiving_1775839502,fanout,Balancing work and caregiving,emotional_support
tc_1775839502278_1565,Employer / HR Leader,educational,informational,Balancing work and caregiving providers near me,5.0,Topic cluster: Balancing work and caregiving | Fan-out (geographic),tc_employer_hr_Balancing_work_and_caregiving_1775839502,fanout,Balancing work and caregiving,geographic
tc_1775839502278_5852,Employer / HR Leader,educational,informational,I'm looking for information about Caregiver-friendly workplace policies,5.0,Topic cluster: Caregiver-friendly workplace policies | Parent,tc_employer_hr_Caregiver-friendly_workplace_p_1775839502,parent,Caregiver-friendly workplace policies,
tc_1775839502278_7481,Employer / HR Leader,educational,informational,community forums for Caregiver-friendly workplace policies,5.0,Topic cluster: Caregiver-friendly workplace policies | Fan-out (emotional_support),tc_employer_hr_Caregiver-friendly_workplace_p_1775839502,fanout,Caregiver-friendly workplace policies,emotional_support
tc_1775839502278_9493,Employer / HR Leader,educational,informational,who qualifies for Caregiver-friendly workplace policies,5.0,Topic cluster: Caregiver-friendly workplace policies | Fan-out (eligibility_access),tc_employer_hr_Caregiver-friendly_workplace_p_1775839502,fanout,Caregiver-friendly workplace policies,eligibility_access
tc_1775839502278_1350,Employer / HR Leader,business,commercial,Caregiver-friendly workplace policies services and solutions,5.0,Topic cluster: Caregiver-friendly workplace policies | Fan-out (specific_services),tc_employer_hr_Caregiver-friendly_workplace_p_1775839502,fanout,Caregiver-friendly workplace policies,specific_services
tc_1775839502278_9046,Employer / HR Leader,educational,informational,Caregiver-friendly workplace policies options in Canada,5.0,Topic cluster: Caregiver-friendly workplace policies | Fan-out (geographic),tc_employer_hr_Caregiver-friendly_workplace_p_1775839502,fanout,Caregiver-friendly workplace policies,geographic
tc_1775839502278_4989,Employer / HR Leader,educational,informational,step by step guide for Caregiver-friendly workplace policies,5.0,Topic cluster: Caregiver-friendly workplace policies | Fan-out (how_to_practical),tc_employer_hr_Caregiver-friendly_workplace_p_1775839502,fanout,Caregiver-friendly workplace policies,how_to_practical
tc_1775839502278_8196,Healthcare Provider,educational,informational,I need help with Caregiver inclusion in healthcare — where do I start,5.0,Topic cluster: Caregiver inclusion in healthcare | Parent,tc_healthcare_provider_Caregiver_inclusion_in_healthc_1775839502,parent,Caregiver inclusion in healthcare,
tc_1775839502278_8901,Healthcare Provider,educational,informational,checklist for Caregiver inclusion in healthcare,5.0,Topic cluster: Caregiver inclusion in healthcare | Fan-out (how_to_practical),tc_healthcare_provider_Caregiver_inclusion_in_healthc_1775839502,fanout,Caregiver inclusion in healthcare,how_to_practical
tc_1775839502278_4394,Healthcare Provider,educational,informational,local Caregiver inclusion in healthcare options by region,5.0,Topic cluster: Caregiver inclusion in healthcare | Fan-out (geographic),tc_healthcare_provider_Caregiver_inclusion_in_healthc_1775839502,fanout,Caregiver inclusion in healthcare,geographic
tc_1775839502278_4419,Healthcare Provider,business,commercial,best providers for Caregiver inclusion in healthcare,5.0,Topic cluster: Caregiver inclusion in healthcare | Fan-out (specific_services),tc_healthcare_provider_Caregiver_inclusion_in_healthc_1775839502,fanout,Caregiver inclusion in healthcare,specific_services
tc_1775839502278_5862,Healthcare Provider,educational,informational,community forums for Caregiver inclusion in healthcare,5.0,Topic cluster: Caregiver inclusion in healthcare | Fan-out (emotional_support),tc_healthcare_provider_Caregiver_inclusion_in_healthc_1775839502,fanout,Caregiver inclusion in healthcare,emotional_support
tc_1775839502278_3060,Healthcare Provider,educational,informational,who qualifies for Caregiver inclusion in healthcare,5.0,Topic cluster: Caregiver inclusion in healthcare | Fan-out (eligibility_access),tc_healthcare_provider_Caregiver_inclusion_in_healthc_1775839502,fanout,Caregiver inclusion in healthcare,eligibility_access
tc_1775839502278_5358,Parent of Child w/ Complex Needs,educational,informational,What are my options for Parenting a child with complex needs as parent of child with complex needs,5.0,Topic cluster: Parenting a child with complex needs | Parent,tc_parent_complex_needs_Parenting_a_child_with_complex_1775839502,parent,Parenting a child with complex needs,
tc_1775839502278_5875,Parent of Child w/ Complex Needs,business,commercial,Parenting a child with complex needs services and solutions,5.0,Topic cluster: Parenting a child with complex needs | Fan-out (specific_services),tc_parent_complex_needs_Parenting_a_child_with_complex_1775839502,fanout,Parenting a child with complex needs,specific_services
tc_1775839502278_5719,Parent of Child w/ Complex Needs,educational,informational,advice from people experienced with Parenting a child with complex needs,5.0,Topic cluster: Parenting a child with complex needs | Fan-out (emotional_support),tc_parent_complex_needs_Parenting_a_child_with_complex_1775839502,fanout,Parenting a child with complex needs,emotional_support
tc_1775839502278_5749,Parent of Child w/ Complex Needs,educational,informational,local Parenting a child with complex needs options by region,5.0,Topic cluster: Parenting a child with complex needs | Fan-out (geographic),tc_parent_complex_needs_Parenting_a_child_with_complex_1775839502,fanout,Parenting a child with complex needs,geographic
tc_1775839502278_5836,Parent of Child w/ Complex Needs,educational,informational,who qualifies for Parenting a child with complex needs,5.0,Topic cluster: Parenting a child with complex needs | Fan-out (eligibility_access),tc_parent_complex_needs_Parenting_a_child_with_complex_1775839502,fanout,Parenting a child with complex needs,eligibility_access
tc_1775839502278_7875,Parent of Child w/ Complex Needs,educational,informational,how to get started with Parenting a child with complex needs,5.0,Topic cluster: Parenting a child with complex needs | Fan-out (how_to_practical),tc_parent_complex_needs_Parenting_a_child_with_complex_1775839502,fanout,Parenting a child with complex needs,how_to_practical
tc_1775839502278_9552,Adult Child Caregiver (50+),educational,informational,Can you help me understand Navigating the Ontario healthcare system,5.0,Topic cluster: Navigating the Ontario healthcare system | Parent,tc_adult_child_50plus_Navigating_the_Ontario_healthc_1775839502,parent,Navigating the Ontario healthcare system,
tc_1775839502278_3089,Adult Child Caregiver (50+),business,commercial,best providers for Navigating the Ontario healthcare system,5.0,Topic cluster: Navigating the Ontario healthcare system | Fan-out (specific_services),tc_adult_child_50plus_Navigating_the_Ontario_healthc_1775839502,fanout,Navigating the Ontario healthcare system,specific_services
tc_1775839502278_4986,Adult Child Caregiver (50+),educational,informational,step by step guide for Navigating the Ontario healthcare system,5.0,Topic cluster: Navigating the Ontario healthcare system | Fan-out (how_to_practical),tc_adult_child_50plus_Navigating_the_Ontario_healthc_1775839502,fanout,Navigating the Ontario healthcare system,how_to_practical
tc_1775839502278_6392,Adult Child Caregiver (50+),educational,informational,local Navigating the Ontario healthcare system options by region,5.0,Topic cluster: Navigating the Ontario healthcare system | Fan-out (geographic),tc_adult_child_50plus_Navigating_the_Ontario_healthc_1775839502,fanout,Navigating the Ontario healthcare system,geographic
tc_1775839502278_1217,Adult Child Caregiver (50+),educational,informational,common challenges with Navigating the Ontario healthcare system,5.0,Topic cluster: Navigating the Ontario healthcare system | Fan-out (emotional_support),tc_adult_child_50plus_Navigating_the_Ontario_healthc_1775839502,fanout,Navigating the Ontario healthcare system,emotional_support
tc_1775839502278_5415,Adult Child Caregiver (50+),educational,informational,requirements for Navigating the Ontario healthcare system,5.0,Topic cluster: Navigating the Ontario healthcare system | Fan-out (eligibility_access),tc_adult_child_50plus_Navigating_the_Ontario_healthc_1775839502,fanout,Navigating the Ontario healthcare system,eligibility_access
tc_1775839502278_9250,Adult Child Caregiver (Under 50),educational,informational,I'm looking for information about Navigating the Ontario healthcare system,5.0,Topic cluster: Navigating the Ontario healthcare system | Parent,tc_adult_child_under50_Navigating_the_Ontario_healthc_1775839502,parent,Navigating the Ontario healthcare system,
tc_1775839502278_9073,Adult Child Caregiver (Under 50),educational,informational,checklist for Navigating the Ontario healthcare system,5.0,Topic cluster: Navigating the Ontario healthcare system | Fan-out (how_to_practical),tc_adult_child_under50_Navigating_the_Ontario_healthc_1775839502,fanout,Navigating the Ontario healthcare system,how_to_practical
tc_1775839502278_5524,Adult Child Caregiver (Under 50),business,commercial,Navigating the Ontario healthcare system services and solutions,5.0,Topic cluster: Navigating the Ontario healthcare system | Fan-out (specific_services),tc_adult_child_under50_Navigating_the_Ontario_healthc_1775839502,fanout,Navigating the Ontario healthcare system,specific_services
tc_1775839502278_6192,Adult Child Caregiver (Under 50),educational,informational,who qualifies for Navigating the Ontario healthcare system,5.0,Topic cluster: Navigating the Ontario healthcare system | Fan-out (eligibility_access),tc_adult_child_under50_Navigating_the_Ontario_healthc_1775839502,fanout,Navigating the Ontario healthcare system,eligibility_access
tc_1775839502278_2309,Adult Child Caregiver (Under 50),educational,informational,community forums for Navigating the Ontario healthcare system,5.0,Topic cluster: Navigating the Ontario healthcare system | Fan-out (emotional_support),tc_adult_child_under50_Navigating_the_Ontario_healthc_1775839502,fanout,Navigating the Ontario healthcare system,emotional_support
tc_1775839502278_5596,Adult Child Caregiver (Under 50),educational,informational,local Navigating the Ontario healthcare system options by region,5.0,Topic cluster: Navigating the Ontario healthcare system | Fan-out (geographic),tc_adult_child_under50_Navigating_the_Ontario_healthc_1775839502,fanout,Navigating the Ontario healthcare system,geographic
tc_1775839502278_4275,Spousal Caregiver,educational,informational,I need help with Navigating the Ontario healthcare system — where do I start,5.0,Topic cluster: Navigating the Ontario healthcare system | Parent,tc_spousal_caregiver_Navigating_the_Ontario_healthc_1775839502,parent,Navigating the Ontario healthcare system,
tc_1775839502278_2603,Spousal Caregiver,business,commercial,best providers for Navigating the Ontario healthcare system,5.0,Topic cluster: Navigating the Ontario healthcare system | Fan-out (specific_services),tc_spousal_caregiver_Navigating_the_Ontario_healthc_1775839502,fanout,Navigating the Ontario healthcare system,specific_services
tc_1775839502278_9452,Spousal Caregiver,educational,informational,common challenges with Navigating the Ontario healthcare system,5.0,Topic cluster: Navigating the Ontario healthcare system | Fan-out (emotional_support),tc_spousal_caregiver_Navigating_the_Ontario_healthc_1775839502,fanout,Navigating the Ontario healthcare system,emotional_support
tc_1775839502278_7241,Spousal Caregiver,educational,informational,step by step guide for Navigating the Ontario healthcare system,5.0,Topic cluster: Navigating the Ontario healthcare system | Fan-out (how_to_practical),tc_spousal_caregiver_Navigating_the_Ontario_healthc_1775839502,fanout,Navigating the Ontario healthcare system,how_to_practical
tc_1775839502278_8133,Spousal Caregiver,educational,informational,requirements for Navigating the Ontario healthcare system,5.0,Topic cluster: Navigating the Ontario healthcare system | Fan-out (eligibility_access),tc_spousal_caregiver_Navigating_the_Ontario_healthc_1775839502,fanout,Navigating the Ontario healthcare system,eligibility_access
tc_1775839502278_4172,Spousal Caregiver,educational,informational,local Navigating the Ontario healthcare system options by region,5.0,Topic cluster: Navigating the Ontario healthcare system | Fan-out (geographic),tc_spousal_caregiver_Navigating_the_Ontario_healthc_1775839502,fanout,Navigating the Ontario healthcare system,geographic
tc_1775839502278_3322,Healthcare Provider,educational,informational,I need help with Navigating the Ontario healthcare system — where do I start,5.0,Topic cluster: Navigating the Ontario healthcare system | Parent,tc_healthcare_provider_Navigating_the_Ontario_healthc_1775839502,parent,Navigating the Ontario healthcare system,
tc_1775839502278_3669,Healthcare Provider,educational,informational,local Navigating the Ontario healthcare system options by region,5.0,Topic cluster: Navigating the Ontario healthcare system | Fan-out (geographic),tc_healthcare_provider_Navigating_the_Ontario_healthc_1775839502,fanout,Navigating the Ontario healthcare system,geographic
tc_1775839502278_5432,Healthcare Provider,educational,informational,advice from people experienced with Navigating the Ontario healthcare system,5.0,Topic cluster: Navigating the Ontario healthcare system | Fan-out (emotional_support),tc_healthcare_provider_Navigating_the_Ontario_healthc_1775839502,fanout,Navigating the Ontario healthcare system,emotional_support
tc_1775839502278_2500,Healthcare Provider,educational,informational,step by step guide for Navigating the Ontario healthcare system,5.0,Topic cluster: Navigating the Ontario healthcare system | Fan-out (how_to_practical),tc_healthcare_provider_Navigating_the_Ontario_healthc_1775839502,fanout,Navigating the Ontario healthcare system,how_to_practical
tc_1775839502278_9159,Healthcare Provider,business,commercial,Navigating the Ontario healthcare system services and solutions,5.0,Topic cluster: Navigating the Ontario healthcare system | Fan-out (specific_services),tc_healthcare_provider_Navigating_the_Ontario_healthc_1775839502,fanout,Navigating the Ontario healthcare system,specific_services
tc_1775839502278_4127,Healthcare Provider,educational,informational,who qualifies for Navigating the Ontario healthcare system,5.0,Topic cluster: Navigating the Ontario healthcare system | Fan-out (eligibility_access),tc_healthcare_provider_Navigating_the_Ontario_healthc_1775839502,fanout,Navigating the Ontario healthcare system,eligibility_access
tc_1775839502278_1403,Spousal Caregiver,educational,informational,I need help with Caregiver identity and self-recognition — where do I start,5.0,Topic cluster: Caregiver identity and self-recognition | Parent,tc_spousal_caregiver_Caregiver_identity_and_self-re_1775839502,parent,Caregiver identity and self-recognition,
tc_1775839502278_6528,Spousal Caregiver,educational,informational,Caregiver identity and self-recognition options in Canada,5.0,Topic cluster: Caregiver identity and self-recognition | Fan-out (geographic),tc_spousal_caregiver_Caregiver_identity_and_self-re_1775839502,fanout,Caregiver identity and self-recognition,geographic
tc_1775839502278_3606,Spousal Caregiver,business,commercial,best providers for Caregiver identity and self-recognition,5.0,Topic cluster: Caregiver identity and self-recognition | Fan-out (specific_services),tc_spousal_caregiver_Caregiver_identity_and_self-re_1775839502,fanout,Caregiver identity and self-recognition,specific_services
tc_1775839502278_6946,Spousal Caregiver,educational,informational,requirements for Caregiver identity and self-recognition,5.0,Topic cluster: Caregiver identity and self-recognition | Fan-out (eligibility_access),tc_spousal_caregiver_Caregiver_identity_and_self-re_1775839502,fanout,Caregiver identity and self-recognition,eligibility_access
tc_1775839502278_3920,Spousal Caregiver,educational,informational,how to get started with Caregiver identity and self-recognition,5.0,Topic cluster: Caregiver identity and self-recognition | Fan-out (how_to_practical),tc_spousal_caregiver_Caregiver_identity_and_self-re_1775839502,fanout,Caregiver identity and self-recognition,how_to_practical
tc_1775839502278_1134,Spousal Caregiver,educational,informational,advice from people experienced with Caregiver identity and self-recognition,5.0,Topic cluster: Caregiver identity and self-recognition | Fan-out (emotional_support),tc_spousal_caregiver_Caregiver_identity_and_self-re_1775839502,fanout,Caregiver identity and self-recognition,emotional_support
tc_1775839502278_5013,Young Caregiver (Under 26),educational,informational,I need help with Caregiver identity and self-recognition — where do I start,5.0,Topic cluster: Caregiver identity and self-recognition | Parent,tc_young_caregiver_Caregiver_identity_and_self-re_1775839502,parent,Caregiver identity and self-recognition,
tc_1775839502278_7644,Young Caregiver (Under 26),educational,informational,common challenges with Caregiver identity and self-recognition,5.0,Topic cluster: Caregiver identity and self-recognition | Fan-out (emotional_support),tc_young_caregiver_Caregiver_identity_and_self-re_1775839502,fanout,Caregiver identity and self-recognition,emotional_support
tc_1775839502278_1173,Young Caregiver (Under 26),educational,informational,Caregiver identity and self-recognition options in Canada,5.0,Topic cluster: Caregiver identity and self-recognition | Fan-out (geographic),tc_young_caregiver_Caregiver_identity_and_self-re_1775839502,fanout,Caregiver identity and self-recognition,geographic
tc_1775839502278_6202,Young Caregiver (Under 26),educational,informational,how to get started with Caregiver identity and self-recognition,5.0,Topic cluster: Caregiver identity and self-recognition | Fan-out (how_to_practical),tc_young_caregiver_Caregiver_identity_and_self-re_1775839502,fanout,Caregiver identity and self-recognition,how_to_practical
tc_1775839502278_8118,Young Caregiver (Under 26),business,commercial,companies that offer Caregiver identity and self-recognition,5.0,Topic cluster: Caregiver identity and self-recognition | Fan-out (specific_services),tc_young_caregiver_Caregiver_identity_and_self-re_1775839502,fanout,Caregiver identity and self-recognition,specific_services
tc_1775839502278_1546,Young Caregiver (Under 26),educational,informational,who qualifies for Caregiver identity and self-recognition,5.0,Topic cluster: Caregiver identity and self-recognition | Fan-out (eligibility_access),tc_young_caregiver_Caregiver_identity_and_self-re_1775839502,fanout,Caregiver identity and self-recognition,eligibility_access
tc_1775839502278_8766,Adult Child Caregiver (Under 50),educational,informational,Can you help me understand Caregiver identity and self-recognition,5.0,Topic cluster: Caregiver identity and self-recognition | Parent,tc_adult_child_under50_Caregiver_identity_and_self-re_1775839502,parent,Caregiver identity and self-recognition,
tc_1775839502278_2007,Adult Child Caregiver (Under 50),educational,informational,Caregiver identity and self-recognition options in Canada,5.0,Topic cluster: Caregiver identity and self-recognition | Fan-out (geographic),tc_adult_child_under50_Caregiver_identity_and_self-re_1775839502,fanout,Caregiver identity and self-recognition,geographic
tc_1775839502278_4659,Adult Child Caregiver (Under 50),educational,informational,step by step guide for Caregiver identity and self-recognition,5.0,Topic cluster: Caregiver identity and self-recognition | Fan-out (how_to_practical),tc_adult_child_under50_Caregiver_identity_and_self-re_1775839502,fanout,Caregiver identity and self-recognition,how_to_practical
tc_1775839502278_1156,Adult Child Caregiver (Under 50),educational,informational,community forums for Caregiver identity and self-recognition,5.0,Topic cluster: Caregiver identity and self-recognition | Fan-out (emotional_support),tc_adult_child_under50_Caregiver_identity_and_self-re_1775839502,fanout,Caregiver identity and self-recognition,emotional_support
tc_1775839502278_4968,Adult Child Caregiver (Under 50),business,commercial,Caregiver identity and self-recognition services and solutions,5.0,Topic cluster: Caregiver identity and self-recognition | Fan-out (specific_services),tc_adult_child_under50_Caregiver_identity_and_self-re_1775839502,fanout,Caregiver identity and self-recognition,specific_services
tc_1775839502278_5706,Adult Child Caregiver (Under 50),educational,informational,who qualifies for Caregiver identity and self-recognition,5.0,Topic cluster: Caregiver identity and self-recognition | Fan-out (eligibility_access),tc_adult_child_under50_Caregiver_identity_and_self-re_1775839502,fanout,Caregiver identity and self-recognition,eligibility_access
gen_1775839502279_2556,Adult Child Caregiver (50+),educational,informational,What do I need to know about health and social system navigation,6.5,Generated from keyword: health and social system navigation,,,,
gen_1775839502279_6248,Adult Child Caregiver (50+),educational,informational,What makes a good advanced care planning ontario,6.5,Generated from keyword: advanced care planning ontario,,,,
gen_1775839502279_4226,Adult Child Caregiver (50+),educational,informational,What's the best caregiver out there right now,7.5,Generated from keyword: caregiver,,,,
gen_1775839502279_3888,Adult Child Caregiver (50+),educational,informational,What do I need to know about what is a caregiver,8.5,Generated from keyword: what is a caregiver,,,,
gen_1775839502280_5482,Adult Child Caregiver (50+),educational,informational,Can you help me understand the options for contingency planning,7.5,Generated from keyword: contingency planning,,,,
gen_1775839502280_6881,Adult Child Caregiver (50+),educational,informational,What should I look for when buying health and social system navigation,6.5,Generated from keyword: health and social system navigation,,,,
gen_1775839502281_8761,Adult Child Caregiver (50+),educational,informational,What should I look for when buying cancer caregiver support,6.5,Generated from keyword: cancer caregiver support,,,,
gen_1775839502281_9604,Adult Child Caregiver (50+),educational,informational,I've been looking for support group for caregivers — what do you suggest,6.5,Generated from keyword: support group for caregivers,,,,
gen_1775839502282_5620,Adult Child Caregiver (50+),educational,informational,I'm researching caregiver — what should I know before buying,7.5,Generated from keyword: caregiver,,,,
gen_1775839502282_9659,Adult Child Caregiver (50+),educational,informational,I'm researching caregiver support ontario — what should I know before buying,6.5,Generated from keyword: caregiver support ontario,,,,
gen_1775839502283_7682,Adult Child Caregiver (50+),educational,informational,I'd like to learn about different caregiver support groups options,6.5,Generated from keyword: caregiver support groups,,,,
gen_1775839502284_2325,Adult Child Caregiver (50+),educational,informational,I'd like to learn about different caregiver program options,8.5,Generated from keyword: caregiver program,,,,
gen_1775839502284_3126,Adult Child Caregiver (50+),educational,informational,What do I need to know about caregiver,7.5,Generated from keyword: caregiver,,,,
gen_1775839502285_2978,Adult Child Caregiver (50+),educational,informational,I've been looking for end of life planning ontario — what do you suggest,6.5,Generated from keyword: end of life planning ontario,,,,
gen_1775839502286_5325,Adult Child Caregiver (50+),educational,informational,What do I need to know about support group for families with mental illness,6.5,Generated from keyword: support group for families with mental illness,,,,
gen_1775839502287_9718,Adult Child Caregiver (50+),educational,informational,What do I need to know about advanced care planning ontario,6.5,Generated from keyword: advanced care planning ontario,,,,
gen_1775839502288_8001,Adult Child Caregiver (50+),educational,informational,I'm researching isabel turner library kingston — what should I know before buying,6.5,Generated from keyword: isabel turner library kingston,,,,
gen_1775839502289_3048,Adult Child Caregiver (50+),educational,informational,I'm researching dementia caregiver support — what should I know before buying,6.5,Generated from keyword: dementia caregiver support,,,,
gen_1775839502290_4809,Adult Child Caregiver (50+),educational,informational,I'd like to learn about different virtual healthcare options,7.5,Generated from keyword: virtual healthcare,,,,
gen_1775839502292_6071,Adult Child Caregiver (Under 50),educational,informational,Looking for caregiver that's actually good quality,7.5,Generated from keyword: caregiver,,,,
gen_1775839502293_1581,Adult Child Caregiver (Under 50),educational,informational,I'm researching stade du deuil — what should I know before buying,6.5,Generated from keyword: stade du deuil,,,,
gen_1775839502294_3116,Adult Child Caregiver (Under 50),educational,informational,I'd like to learn about different étape deuil options,6.5,Generated from keyword: étape deuil,,,,
gen_1775839502296_3184,Adult Child Caregiver (Under 50),educational,informational,Can you help me understand the options for care giver in tagalog,6.5,Generated from keyword: care giver in tagalog,,,,
gen_1775839502298_7277,Adult Child Caregiver (Under 50),educational,informational,I'd like to learn about different primary caregiver for elderly parent options,6.5,Generated from keyword: primary caregiver for elderly parent,,,,
gen_1775839502300_8047,Adult Child Caregiver (Under 50),educational,informational,I've been looking for financial support — what do you suggest,7.5,Generated from keyword: financial support,,,,
gen_1775839502301_3346,Adult Child Caregiver (Under 50),educational,informational,I'm researching volunteer opportunities ontario — what should I know before buying,6.5,Generated from keyword: volunteer opportunities ontario,,,,
gen_1775839502303_7911,Adult Child Caregiver (Under 50),educational,informational,What makes a good caregiving checklist,6.5,Generated from keyword: caregiving checklist,,,,
gen_1775839502304_3893,Adult Child Caregiver (Under 50),educational,informational,Can you help me understand the options for caregiving story,6.5,Generated from keyword: caregiving story,,,,
gen_1775839502305_7142,Adult Child Caregiver (Under 50),educational,informational,I'd like to learn about different home care ontario options,7.5,Generated from keyword: home care ontario,,,,
gen_1775839502307_3901,Adult Child Caregiver (Under 50),educational,informational,I need support group near me but don't know where to start,6.5,Generated from keyword: support group near me,,,,
gen_1775839502309_5666,Adult Child Caregiver (Under 50),educational,informational,Can you help me understand the options for 24 hour caregiver,7.0,Generated from keyword: 24 hour caregiver,,,,
gen_1775839502310_3101,Adult Child Caregiver (Under 50),educational,informational,Any recommendations for toronto caregiving alzheimers,6.5,Generated from keyword: toronto caregiving alzheimers,,,,
gen_1775839502312_9937,Adult Child Caregiver (Under 50),educational,informational,Can you help me find the best family support grant canada,6.5,Generated from keyword: family support grant canada,,,,
gen_1775839502313_5055,Adult Child Caregiver (Under 50),educational,informational,Tell me about the best eustress available,7.5,Generated from keyword: eustress,,,,
gen_1775839502317_8761,Adult Child Caregiver (Under 50),educational,informational,I've been looking for story about caregiving — what do you suggest,6.5,Generated from keyword: story about caregiving,,,,
gen_1775839502320_4317,Spousal Caregiver,educational,informational,I'm researching peer to peer mentoring — what should I know before buying,6.5,Generated from keyword: peer to peer mentoring,,,,
gen_1775839502323_7055,Spousal Caregiver,educational,informational,I want to get peer mentorship as a gift — where should I look,6.5,Generated from keyword: peer mentorship,,,,
gen_1775839502327_3335,Spousal Caregiver,educational,informational,Any recommendations for caregiver,7.5,Generated from keyword: caregiver,,,,
gen_1775839502329_1282,Spousal Caregiver,educational,informational,What do I need to know about peer support,7.5,Generated from keyword: peer support,,,,
gen_1775839502331_2464,Spousal Caregiver,educational,informational,What makes a good caregiver support,7.5,Generated from keyword: caregiver support,,,,
gen_1775839502332_1342,Spousal Caregiver,educational,informational,What makes a good support for caregivers,6.5,Generated from keyword: support for caregivers,,,,
gen_1775839502334_6054,Spousal Caregiver,educational,informational,What makes a good caregiver burnout quiz,7.5,Generated from keyword: caregiver burnout quiz,,,,
gen_1775839502335_3619,Spousal Caregiver,educational,informational,What makes a good caregiver,8.5,Generated from keyword: caregiver,,,,
gen_1775839502336_9338,Spousal Caregiver,educational,informational,Tell me about the best uncle hospice available,6.5,Generated from keyword: uncle hospice,,,,
gen_1775839502338_7749,Spousal Caregiver,educational,informational,Can you help me understand the options for home and community care support services,7.5,Generated from keyword: home and community care support services,,,,
gen_1775839502341_2182,Spousal Caregiver,educational,informational,Tell me about the best advance care directive ontario available,6.5,Generated from keyword: advance care directive ontario,,,,
gen_1775839502346_7797,Spousal Caregiver,educational,informational,What should I look for when buying isabel turner library,7.5,Generated from keyword: isabel turner library,,,,
gen_1775839502349_7071,Spousal Caregiver,educational,informational,I've been looking for who is a caregiver — what do you suggest,7.5,Generated from keyword: who is a caregiver,,,,
gen_1775839502351_9474,Spousal Caregiver,educational,informational,I'd like to learn about different live in caregiver ontario options,6.5,Generated from keyword: live in caregiver ontario,,,,
gen_1775839502354_2025,Spousal Caregiver,educational,informational,Tell me about the best resources for caregivers available,6.5,Generated from keyword: resources for caregivers,,,,
gen_1775839502357_9997,Spousal Caregiver,educational,informational,Tell me about the best caregiver careers available,6.5,Generated from keyword: caregiver careers,,,,
gen_1775839502359_2374,Parent of Child w/ Complex Needs,educational,informational,What should I look for when buying respite for caregivers,6.5,Generated from keyword: respite for caregivers,,,,
gen_1775839502362_3416,Parent of Child w/ Complex Needs,educational,informational,I'm researching end of life care at home — what should I know before buying,7.5,Generated from keyword: end of life care at home,,,,
gen_1775839502365_6028,Parent of Child w/ Complex Needs,educational,informational,Tell me about the best advanced care planning ontario available,6.5,Generated from keyword: advanced care planning ontario,,,,
gen_1775839502368_5573,Parent of Child w/ Complex Needs,educational,informational,I'm researching smart goals worksheet example — what should I know before buying,6.5,Generated from keyword: smart goals worksheet example,,,,
gen_1775839502371_2193,Parent of Child w/ Complex Needs,educational,informational,What should I look for when buying palative care,7.5,Generated from keyword: palative care,,,,
gen_1775839502376_6872,Parent of Child w/ Complex Needs,educational,informational,I'd like to learn about different advance care planning options,7.5,Generated from keyword: advance care planning,,,,
gen_1775839502379_2381,Parent of Child w/ Complex Needs,educational,informational,Looking for processus de deuil that's actually good quality,7.5,Generated from keyword: processus de deuil,,,,
gen_1775839502382_5244,Parent of Child w/ Complex Needs,educational,informational,I'm researching what to do when someone dies checklist canada — what should I know before buying,7.5,Generated from keyword: what to do when someone dies checklist canada,,,,
gen_1775839502389_7555,Parent of Child w/ Complex Needs,educational,informational,Tell me about how to become a caregiver,6.5,Generated from keyword: how to become a caregiver,,,,
gen_1775839502391_8789,Parent of Child w/ Complex Needs,educational,informational,I'd like to learn about different join our team options,7.5,Generated from keyword: join our team,,,,
gen_1775839502394_3495,Parent of Child w/ Complex Needs,educational,informational,I'd like to learn about different care options,8.5,Generated from keyword: care,,,,
gen_1775839502397_2698,Parent of Child w/ Complex Needs,educational,informational,Tell me about the best who pays for respite care available,6.5,Generated from keyword: who pays for respite care,,,,
gen_1775839502400_6530,Mental Health Caregiver,educational,informational,What do I need to know about peer mentor program,6.5,Generated from keyword: peer mentor program,,,,
gen_1775839502403_6725,Mental Health Caregiver,educational,informational,What makes a good scale,7.5,Generated from keyword: scale,,,,
gen_1775839502405_6250,Mental Health Caregiver,educational,informational,Trying to find a good support group for families with mental illness — any ideas,6.5,Generated from keyword: support group for families with mental illness,,,,
gen_1775839502409_7871,Mental Health Caregiver,educational,informational,What do I need to know about ontario online health care,6.5,Generated from keyword: ontario online health care,,,,
gen_1775839502413_8420,Mental Health Caregiver,business,commercial,Can you help me find the best caregiver id card,6.0,Generated from keyword: caregiver id card,,,,
gen_1775839502415_5193,Mental Health Caregiver,educational,informational,What's the best caregiver support ontario out there right now,6.5,Generated from keyword: caregiver support ontario,,,,
gen_1775839502419_9083,Mental Health Caregiver,educational,informational,What makes a good online support group,6.5,Generated from keyword: online support group,,,,
gen_1775839502422_6478,Mental Health Caregiver,educational,informational,Can you tell me about how to help someone with autism,6.5,Generated from keyword: how to help someone with autism,,,,
gen_1775839502425_7931,Mental Health Caregiver,educational,informational,I'm looking for information about guide rc4064,7.5,Generated from keyword: guide rc4064,,,,
gen_1775839502428_9738,Mental Health Caregiver,educational,informational,Any recommendations for elderly caregiver,7.5,Generated from keyword: elderly caregiver,,,,
gen_1775839502430_9371,Mental Health Caregiver,educational,informational,Can you help me understand the options for helping someone with addiction,6.5,Generated from keyword: helping someone with addiction,,,,
gen_1775839502435_7907,Mental Health Caregiver,educational,informational,What makes a good types de deuil,6.5,Generated from keyword: types de deuil,,,,
gen_1775839502437_8948,Young Caregiver (Under 26),educational,informational,What makes a good volunteer ontario,7.5,Generated from keyword: volunteer ontario,,,,
gen_1775839502440_5519,Young Caregiver (Under 26),educational,informational,Tell me about the best cancer caregiver support available,6.5,Generated from keyword: cancer caregiver support,,,,
gen_1775839502443_5511,Young Caregiver (Under 26),educational,informational,Tell me about the best disability caregiver available,6.5,Generated from keyword: disability caregiver,,,,
gen_1775839502447_3145,Young Caregiver (Under 26),educational,informational,What makes a good caregiver for family member,6.5,Generated from keyword: caregiver for family member,,,,
gen_1775839502450_6351,Young Caregiver (Under 26),educational,informational,Can you help me understand the options for caregiver support groups near me,6.5,Generated from keyword: caregiver support groups near me,,,,
gen_1775839502454_6250,Young Caregiver (Under 26),educational,informational,What should I look for when buying autism caregiver,6.5,Generated from keyword: autism caregiver,,,,
gen_1775839502464_4628,Young Caregiver (Under 26),educational,informational,Tell me about the best caregiver benefits canada available,7.5,Generated from keyword: caregiver benefits canada,,,,
gen_1775839502468_6062,Young Caregiver (Under 26),educational,informational,Tell me about the best kingston public library isabel turner branch available,6.5,Generated from keyword: kingston public library isabel turner branch,,,,
gen_1775839502473_1724,Young Caregiver (Under 26),educational,informational,I'm researching home care and family support grant is it legit — what should I know before buying,6.5,Generated from keyword: home care and family support grant is it legit,,,,
gen_1775839502479_6512,Young Caregiver (Under 26),educational,informational,Tell me about the best online support group available,6.5,Generated from keyword: online support group,,,,
gen_1775839502483_5148,Healthcare Provider,educational,informational,Tell me about the best virtual healthcare available,7.5,Generated from keyword: virtual healthcare,,,,
gen_1775839502487_8813,Healthcare Provider,educational,informational,I want to get caregiver as a gift — where should I look,7.5,Generated from keyword: caregiver,,,,
gen_1775839502492_5706,Healthcare Provider,educational,informational,I'd like to learn about different full time caregiver options,6.5,Generated from keyword: full time caregiver,,,,
gen_1775839502496_5092,Healthcare Provider,educational,informational,What should I look for when buying free caregiver training programs,6.5,Generated from keyword: free caregiver training programs,,,,
gen_1775839502501_3606,Healthcare Provider,educational,informational,What does Ontario Caregiver Organization sell,7.5,Generated from keyword: ontario caregiver organization,,,,
gen_1775839502505_7704,Healthcare Provider,educational,informational,What makes a good care planning,6.5,Generated from keyword: care planning,,,,
gen_1775839502508_2227,Healthcare Provider,educational,informational,I'm researching free caregiver training programs — what should I know before buying,6.5,Generated from keyword: free caregiver training programs,,,,
gen_1775839502515_2758,Healthcare Provider,educational,informational,I'd like to learn about different dr singh north bay options,6.5,Generated from keyword: dr singh north bay,,,,
gen_1775839502520_7232,Healthcare Provider,educational,informational,Looking for caregiver training ontario that's actually good quality,6.5,Generated from keyword: caregiver training ontario,,,,
gen_1775839502524_3780,Employer / HR Leader,educational,informational,What should I look for when buying caregiver anger,6.5,Generated from keyword: caregiver anger,,,,
gen_1775839502529_6978,Employer / HR Leader,educational,informational,I'm researching capacity building grants — what should I know before buying,6.5,Generated from keyword: capacity building grants,,,,
gen_1775839502538_7628,Employer / HR Leader,educational,informational,I want to get mobility issues as a gift — where should I look,7.5,Generated from keyword: mobility issues,,,,
gen_1775839502544_3632,Employer / HR Leader,educational,informational,What makes a good caregiver allowance ontario,7.5,Generated from keyword: caregiver allowance ontario,,,,
gen_1775839502548_8547,Employer / HR Leader,educational,informational,What do I need to know about government assistance for family caregivers,6.5,Generated from keyword: government assistance for family caregivers,,,,
gen_1775839502555_7110,Employer / HR Leader,educational,informational,What makes a good welcome to holland poem,7.5,Generated from keyword: welcome to holland poem,,,,
gen_1775839502558_9359,Employer / HR Leader,educational,informational,What makes a good elderly assistance,6.5,Generated from keyword: elderly assistance,,,,
gen_1775839502563_4594,Employer / HR Leader,educational,informational,What makes a good elderly caregiver,7.5,Generated from keyword: elderly caregiver,,,,
gen_1775839502566_1237,Employer / HR Leader,educational,informational,Can you help me find the best mobility issues,7.5,Generated from keyword: mobility issues,,,,
gen_1775839502570_5619,Employer / HR Leader,educational,informational,I'd like to learn about different caregiver binder template options,6.5,Generated from keyword: caregiver binder template,,,,
gen_1775839502576_6134,Employer / HR Leader,educational,informational,Trying to find a good phases deuil — any ideas,6.5,Generated from keyword: phases deuil,,,,
gen_1775839502581_8461,Employer / HR Leader,educational,informational,I'd like to learn about different what does a caregiver do options,6.5,Generated from keyword: what does a caregiver do,,,,
gen_1775839502587_8299,Employer / HR Leader,educational,informational,What do I need to know about primary caregiver ontario,6.5,Generated from keyword: primary caregiver ontario,,,,
gen_1775839502592_3600,Employer / HR Leader,educational,informational,What's the best what is oco out there right now,6.5,Generated from keyword: what is oco,,,,
