keyword,search_volume,intent_type,competitor_brands,all_intents
ontario caregiver organization,350,informational,,informational
caregiver,2200,informational,,informational
objectif smart,3700,informational,,informational
caregiver burnout quiz,150,informational,,informational
home caregiver,450,commercial,,"informational,commercial"
caregiver support groups,90,informational,,informational
senior caregiver,600,informational,,informational
ontario caregiver benefit,200,informational,,informational
phase du deuil,300,informational,,informational
étapes du deuil,500,informational,,informational
scale,9500,commercial,,"informational,commercial"
caregivers benefit,200,informational,,informational
caregiver burnout,1000,informational,,informational
caregiver burnout quiz,900,informational,,informational
care partner,150,informational,,informational
dnr form ontario,450,informational,,informational
caregiver program,1200,informational,,informational
etape du deuil,200,informational,,informational
smart goals worksheet pdf,500,informational,,informational
caregiver benefit ontario,250,informational,,informational
caregiver services,150,informational,,informational
caregiver support ontario,90,informational,,informational
caregivers home health care,150,informational,,informational
alzheimer's care services,150,informational,,informational
etapes du deuil,200,informational,,informational
medical binder templates,100,informational,,informational
phases du deuil,150,informational,,informational
objectifs smart,900,informational,,informational
in home caregiver,900,commercial,,"informational,commercial"
caregiver checklist pdf,100,informational,,informational
in home caregivers,150,commercial,,"informational,commercial"
24 hour caregiver,100,commercial,,"informational,commercial"
objectif smart exemple,200,informational,,informational
family caregiver,150,informational,,informational
caregiver canada,300,informational,,informational
medical binder printables free,150,informational,,informational
objectif smart exemple pdf,30,informational,,informational
medical binder template,30,informational,,informational
primary caregiver,250,informational,,informational
caregivers,500,informational,,informational
medical binder templates free,30,informational,,informational
caregiver burnout support groups,30,informational,,informational
les phases du deuil,150,informational,,informational
guide rc4064,100,informational,,informational
medical chart template,30,informational,,informational
elderly caregiver toronto,60,informational,,informational
virtual care ontario,300,informational,,informational
financial support for caregivers,30,informational,,informational
caregiver allowance ontario,150,informational,,informational
caregiver careers,40,informational,,informational
caregiver toronto,80,commercial,,"informational,commercial"
medical binder printables,70,informational,,informational
etape deuil,100,informational,,informational
les etapes du deuil,100,informational,,informational
caregiver benefits ontario,100,informational,,informational
etapes deuil,150,informational,,informational
live in care,350,informational,,informational
dr singh north bay,70,informational,,informational
caregiver agency,150,informational,,informational
primary caregiver ontario,20,informational,,informational
partner support,80,informational,,informational
help for caregivers,20,informational,,informational
medical binder pdf free,50,informational,,informational
primary care giver,60,informational,,informational
virtual healthcare,150,informational,,informational
private caregiver for elderly,60,commercial,,"informational,commercial"
goal setting worksheet,100,informational,,informational
essential care partner,20,informational,,informational
volunteer ontario,100,informational,,informational
advance care planning ontario,150,informational,,informational
cycle du deuil,90,informational,,informational
care for caregivers,50,informational,,informational
primary caregiver for elderly parent,70,informational,,informational
peer mentor,200,informational,,informational
elderly caregiver,150,informational,,informational
caregiver ptsd,20,informational,,informational
caregiver burnout resources,50,informational,,informational
support groups for caregivers,20,informational,,informational
care for elderly,100,informational,,informational
downloadable free printable medical binder forms,60,informational,,informational
caregivers support group,20,informational,,informational
processus de deuil,150,informational,,informational
deuil étapes,60,informational,,informational
capacity building grants,20,informational,,informational
advance directive ontario,70,informational,,informational
regional learning centre,60,informational,,informational
private caregivers,30,commercial,,"informational,commercial"
relationship to person cared for,70,informational,,informational
care planning,60,informational,,informational
phase de deuil,60,informational,,informational
darren solomon,40,informational,,informational
deuil etapes,70,informational,,informational
niagara caregivers,100,informational,,informational
live-in care,100,informational,,informational
free caregiver training programs,30,informational,,informational
medical binder,30,informational,,informational
caregiver support group,40,informational,,informational
caregiver support,200,informational,,informational
autism caregiver,10,informational,,informational
18002067218,800,informational,,informational
caregiver resources,60,informational,,informational
advanced care planning ontario,80,informational,,informational
exemple d'objectif smart,40,informational,,informational
smart goals pdf,900,informational,,informational
courtice arena,40,informational,,informational
medical organizer free printable medical binder forms,30,informational,,informational
support for caregivers,70,informational,,informational
hospice home care,80,informational,,informational
family caregiving,40,informational,,informational
deuil etape,40,informational,,informational
caregiver burnout quiz,250,informational,,informational
stade du deuil,50,informational,,informational
caregiver certificate online,60,informational,,informational
exemple objectif smart,60,informational,,informational
what is a caregiver,100,informational,,informational
patient advocate ontario,50,informational,,informational
caregiving jobs,60,transactional,,"informational,transactional"
étapes deuil,40,informational,,informational
processus du deuil,40,informational,,informational
professional caregiver,20,informational,,informational
free medical binder printables,30,informational,,informational
caregiver ptsd,150,informational,,informational
5 étapes du deuil,100,informational,,informational
smart goals worksheet pdf,30,informational,,informational
alzheimers care,70,informational,,informational
medical virtual assistant,60,commercial,,"informational,commercial"
phases deuil,30,informational,,informational
5 etapes deuil,70,informational,,informational
smart objectif exemple,80,informational,,informational
financial support,200,informational,,informational
caregiver id badge,50,transactional,,"informational,commercial,transactional"
peer mentorship,60,informational,,informational
full time caregiver,30,informational,,informational
caring support,80,informational,,informational
goals worksheet,30,informational,,informational
financial help ontario,100,informational,,informational
donna thompson,60,informational,,informational
palliative care ontario,50,informational,,informational
objectifs smart exemple,30,informational,,informational
join our team,200,informational,,informational
who is a caregiver,200,informational,,informational
caregiver burnout quiz pdf,20,informational,,informational
caregiver grief,20,informational,,informational
ontario volunteer,40,informational,,informational
financial support ontario,50,informational,,informational
dementia care ontario,70,informational,,informational
care giver course in canada,150,informational,,informational
dementia caregivers,70,informational,,informational
étape deuil,40,informational,,informational
dementia caregiver support,30,informational,,informational
life care,90,informational,,informational
michelle jobin husband,50,informational,,informational
caregiver skills,30,informational,,informational
5 phase du deuil,40,informational,,informational
after death checklist ontario,40,informational,,informational
free support groups near me,50,informational,,informational
health navigator,50,informational,,informational
les 5 étapes du deuil,40,informational,,informational
what to do when someone dies checklist canada ontario,100,informational,,informational
ontario caregiver tax credit,80,informational,,informational
les etape du deuil,30,informational,,informational
eustress,250,informational,,informational
caregiver allowance,40,informational,,informational
5 phases du deuil,60,informational,,informational
les étapes du deuil selon kübler-ross pdf,70,informational,,informational
smart goal pdf,20,informational,,informational
who pays for respite care,90,informational,,informational
south courtice arena,800,informational,,informational
caregiver program ontario,20,informational,,informational
how to become a caregiver,20,informational,,informational
caregiver stress test,60,informational,,informational
volunteering ontario,40,informational,,informational
old care,20,informational,,informational
phase deuil,70,informational,,informational
caregiver for family member,20,informational,,informational
person with cancer,20,informational,,informational
free online caregiver courses with certificates,70,informational,,informational
caregiver coaching,150,informational,,informational
elderly assistance,80,informational,,informational
caregiver binder template,30,informational,,informational
what does a caregiver do,20,informational,,informational
etape de deuil,40,informational,,informational
live-in caregiver for elderly ontario,30,informational,,informational
goal setting worksheet pdf,30,informational,,informational
processus deuil,30,informational,,informational
medical binder,50,informational,,informational
5 étape du deuil,30,informational,,informational
family care giver,20,informational,,informational
mobility problems,20,informational,,informational
24 hour support elderly,70,informational,,informational
care giver,200,informational,,informational
i am a caregiver,70,informational,,informational
what do caregivers do,10,informational,,informational
stades du deuil,20,informational,,informational
care provider,50,informational,,informational
caregiver support groups near me,40,informational,,informational
contingency,7500,informational,,informational
champlain ontario,80,informational,,informational
volunteer opportunities ontario,30,informational,,informational
caregiver training program,30,informational,,informational
home care in ontario,40,informational,,informational
personal medical binder printables,10,informational,,informational
etapes de deuil,20,informational,,informational
taking care of elderly parents and getting paid canada,250,informational,,informational
cancer caregiver support,30,informational,,informational
care givers,70,informational,,informational
free caregiver training programs online,30,informational,,informational
support group for caregivers,20,informational,,informational
skills of a caregiver,10,informational,,informational
ontario volunteer opportunities,20,informational,,informational
smart goals chart,20,informational,,informational
live in caregiver ontario,30,informational,,informational
7 as of dementia,40,informational,,informational
caregiving checklist,20,informational,,informational
online support group,20,informational,,informational
ask for care,20,informational,,informational
caretaker course,20,informational,,informational
chronic illness medical binder,20,informational,,informational
care giver in tagalog,90,informational,,informational
partners in care,20,informational,,informational
les 5 phases du deuil,20,informational,,informational
care for elderly parents,10,informational,,informational
5 etapes du deuil,30,informational,,informational
etape d'un deuil,20,informational,,informational
smart goals handout,20,informational,,informational
family caregiver ontario,10,informational,,informational
health binder,50,informational,,informational
eustress distress,30,informational,,informational
5 phases du deuil,40,informational,,informational
ocb ent cr for iss,70,informational,,informational
dnr form ontario pdf,50,informational,,informational
what is hospice care in ontario,30,informational,,informational
care taker,150,informational,,informational
deuil phase,10,informational,,informational
5 stages du deuil,20,informational,,informational
advance care directive ontario,30,informational,,informational
caregiver id card,30,commercial,,"informational,commercial"
stage du deuil,20,informational,,informational
goal setting pdf,20,informational,,informational
caregiver quiz,20,informational,,informational
les phase du deuil,20,informational,,informational
objectifs smart exemples,20,informational,,informational
caregiving skills,10,informational,,informational
skills for caregiver,10,informational,,informational
what is oco,10,informational,,informational
smart objectifs,30,informational,,informational
support group near me,30,informational,,informational
type de deuil,10,informational,,informational
reduced mobility,20,informational,,informational
how to support someone with an eating disorder,20,informational,,informational
caregiver mental health,10,informational,,informational
is hospice free in ontario,20,informational,,informational
care for the caregiver,20,informational,,informational
online caregiver training,30,informational,,informational
diy medical binder,10,informational,,informational
caregiver for parents,10,informational,,informational
caregiver documentation sample,10,informational,,informational
child caregiver,30,informational,,informational
wellness quiz,10,informational,,informational
dementia support for caregivers near me,10,informational,,informational
home and community care ontario,10,informational,,informational
caretaker checklist,10,informational,,informational
bon stress,10,informational,,informational
health service navigator,20,informational,,informational
family support grant canada,30,informational,,informational
mentor training program,30,informational,,informational
caretaker burnout,30,informational,,informational
assist care recipient with medication,20,informational,,informational
who is a caregiver,150,informational,,informational
carers canada,20,informational,,informational
free caregiver certification,30,informational,,informational
free online caregiver course in canada,20,informational,,informational
ceo amy,10,informational,,informational
free caregiver certification online,30,informational,,informational
family caregiver alliance,30,informational,,informational
in home hospice care,20,informational,,informational
mobility issues,150,informational,,informational
government assistance for caregivers of elderly parents,30,informational,,informational
shoshana kulik,10,informational,,informational
free printable medical binder forms,10,informational,,informational
ontario support for families 2023,10,informational,,informational
caring for parents,10,informational,,informational
care giver burnout,20,informational,,informational
checklist after death of parent ontario,20,informational,,informational
being a caregiver,10,informational,,informational
how to help someone with cancer,20,informational,,informational
discharge plan,20,informational,,informational
home care and family support grant,10,informational,,informational
caregivers allowance,20,informational,,informational
private caregivers for seniors,30,commercial,,"informational,commercial"
dnr levels ontario,20,informational,,informational
cancer person,20,informational,,informational
caregiver description,10,informational,,informational
isabel turner library,100,informational,,informational
caregiver skills,20,informational,,informational
epilepsy support groups,20,informational,,informational
respite for caregivers,20,informational,,informational
caring for caregivers,20,informational,,informational
objectifs smart définition,20,informational,,informational
end of life planning ontario,10,informational,,informational
support for dementia caregivers,10,informational,,informational
7 a of dementia,20,informational,,informational
étape du deuil,600,informational,,informational
taking care of elderly parents at home,20,informational,,informational
primary caregiver for elderly parents,20,informational,,informational
government assistance for family caregivers,10,informational,,informational
free online caregiver certification,30,informational,,informational
caregiving,300,informational,,informational
modèle kubler ross,30,informational,,informational
exemple d'objectifs smart,10,informational,,informational
toronto caregiving alzheimers,20,informational,,informational
types de deuil,0,informational,,informational
setting goals worksheet pdf,0,informational,,informational
looking after elderly parents,10,informational,,informational
setting goals worksheet,10,informational,,informational
home and community care support services,200,informational,,informational
caring elderly,0,informational,,informational
dementia help,30,informational,,informational
how to support someone with autism,10,informational,,informational
peer mentors,10,informational,,informational
what is a caregiver,4600,informational,,informational
in home dementia care services,30,informational,,informational
psw volunteer jobs,10,informational,,informational
ontario disability tax credit,1000,informational,,informational
peer mentor program,10,informational,,informational
advance care directive form ontario,30,informational,,informational
home caregivers,100,informational,,informational
dnr forms ontario,20,informational,,informational
how to help someone with autism,10,informational,,informational
how to support someone with addiction,10,informational,,informational
nicole waldron,10,informational,,informational
what is a caregiver,200,informational,,informational
support group for families with mental illness,20,informational,,informational
skills of caregiver,10,informational,,informational
care giver course,150,informational,,informational
les 5 etapes du deuil,10,informational,,informational
resources for caregivers,10,informational,,informational
age of consent for therapy in ontario,10,informational,,informational
courtice south arena,10,informational,,informational
caregiver,40,informational,,informational
share your story,20,informational,,informational
objectifs smart en français,10,informational,,informational
is hospice care free in ontario,10,informational,,informational
caring for elderly parents at home,10,informational,,informational
smart goals worksheet example,10,informational,,informational
contigency,450,informational,,informational
wellness recovery action plan pdf,10,informational,,informational
disability caregiver,20,informational,,informational
peer to peer mentoring,10,informational,,informational
exemples d'objectifs smart,10,informational,,informational
define caregiver,30,informational,,informational
social prescribing,1000,informational,,informational
exemples objectifs smart,10,informational,,informational
checklist when someone dies in ontario,10,informational,,informational
alzheimer's caregivers guide,10,informational,,informational
tableau objectif smart,10,informational,,informational
how to get a dnr in ontario,20,informational,,informational
moeen centre,10,informational,,informational
cancer helpline,10,informational,,informational
how to support someone with cancer in the family,20,informational,,informational
caregiver burn out,20,informational,,informational
ontario online health care,10,informational,,informational
isabel turner library kingston,0,informational,,informational
uncle hospice,10,informational,,informational
oco,450,informational,,informational
south courtice,10,informational,,informational
contingency planning,250,informational,,informational
alzheimers support,10,informational,,informational
support group,250,informational,,informational
exemple objectif smart entreprise pdf,0,informational,,informational
exemple objectifs smart,10,informational,,informational
les 5 étapes de la mort,10,informational,,informational
helping someone with addiction,0,informational,,informational
end-of-life care,200,informational,,informational
bon stress et mauvais stress,10,informational,,informational
support groups,250,informational,,informational
cultural competence,1800,informational,,informational
phipa ontario guide,10,informational,,informational
welcome to holland poem pdf,300,informational,,informational
caregiver training ontario,10,informational,,informational
online caregiver courses in canada,10,informational,,informational
death checklist ontario,10,informational,,informational
dementia care,600,informational,,informational
caregiver story,10,informational,,informational
caregiver anger,0,informational,,informational
online health care ontario,40,informational,,informational
alanna mcginn,10,informational,,informational
attendant care cra,200,informational,,informational
dying at home in ontario,0,informational,,informational
peer support,300,informational,,informational
end of life care,1200,informational,,informational
south courtice arena schedule,10,informational,,informational
free online caregiver course in canada,0,informational,,informational
online caregiver course canada,0,informational,,informational
story about caregiving,0,informational,,informational
home care assistance ontario,0,informational,,informational
health and social system navigation,0,informational,,informational
virtual communication specialists,0,informational,,informational
caregiver support,150,informational,,informational
organization,7400,informational,,informational
home care support,50,informational,,informational
home care and family support grant is it legit,0,informational,,informational
wellness recovery action plan pdf,200,informational,,informational
therapist confidentiality with minors canada,0,informational,,informational
patient confidentiality ontario,0,informational,,informational
caregiver,700,informational,,informational
family caregiver benefit for adults,450,informational,,informational
national caregivers day 2024,0,informational,,informational
sandwich generation,800,informational,,informational
end of life care at home,150,informational,,informational
emotional support for families of cancer patients,150,informational,,informational
cancer patient,500,informational,,informational
scale,500,informational,,informational
caregiver,350,informational,,informational
peer,1600,informational,,informational
caregiver benefits canada,250,informational,,informational
mobility issues,600,informational,,informational
étape du deuil,200,informational,,informational
welcome to holland poem,350,informational,,informational
scale,1400,informational,,informational
caregivers,200,informational,,informational
caregiver,500,informational,,informational
caregiver,450,informational,,informational
whats a caregiver,400,informational,,informational
rc4064,150,informational,,informational
caregiver,40,informational,,informational
caregivers for seniors,100,informational,,informational
5 etapes deuil,400,informational,,informational
hospice care,2300,informational,,informational
caregiver,300,informational,,informational
what to do when someone dies checklist canada,250,informational,,informational
cycle du deuil,200,informational,,informational
caregiver,200,informational,,informational
5 etapes du deuil,200,informational,,informational
caregiver,250,informational,,informational
free online counselling chat 24/7,150,informational,,informational
caregiver,350,informational,,informational
coaching,2100,informational,,informational
caregiver resources,450,informational,,informational
caregivers,300,informational,,informational
working caregivers,200,informational,,informational
caregiver,600,informational,,informational
caregivers,450,informational,,informational
les 5 phases du deuil,250,informational,,informational
caregiver,700,informational,,informational
caregiver,700,informational,,informational
caregiver,250,informational,,informational
ontario age of consent,350,informational,,informational
caregiver,700,informational,,informational
age of consent ontario,1200,informational,,informational
caregiver,250,informational,,informational
scarborough centre for healthy communities,200,informational,,informational
palative care,250,informational,,informational
senior caregivers,250,informational,,informational
oco,900,informational,,informational
caregiver benefit,600,informational,,informational
caregiver,150,informational,,informational
caregiver,1600,informational,,informational
etapes deuil,1000,informational,,informational
caregiver,800,informational,,informational
caregiver,450,informational,,informational
eustress,10,informational,,informational
caregiver,40,informational,,informational
ontario dental benefit,350,informational,,informational
les étapes du deuil,2900,informational,,informational
7 etapes du deuil,200,informational,,informational
end of life care,150,informational,,informational
dental coverage ontario,1400,informational,,informational
virtual care,300,informational,,informational
care giver,250,informational,,informational
5 étapes du deuil,800,informational,,informational
caregivers,350,informational,,informational
caregiver,1200,informational,,informational
coupal,10,informational,,informational
caregiver,1100,informational,,informational
what is oco,150,informational,,informational
"am,a",100,informational,,informational
cultural competency training,30,informational,,informational
home care ontario,200,informational,,informational
les 7 étapes du deuil,900,informational,,informational
1800ocanada,70,informational,,informational
care partners,250,informational,,informational
scale,1700,informational,,informational
courtice ontario,1100,informational,,informational
7 phases du deuil,250,informational,,informational
caregiver,600,informational,,informational
scale,4300,informational,,informational
national volunteer week,800,informational,,informational
advance care planning,350,informational,,informational
i need help,800,informational,,informational
palliative care,12000,informational,,informational
e learning,1300,informational,,informational
ontario.ca,250,navigational,,"informational,navigational"
care,5000,informational,,informational
oco,250,commercial,,"informational,commercial"
scale,250,informational,,informational
caregiver,250,informational,,informational
cares,350,informational,,informational
scale,400,informational,,informational
partnerhub,350,informational,,informational
am a,1100,informational,,informational
financial support for caregivers in canada,0,informational,,informational
barrhaven manor revera,0,informational,,informational
kingston public library isabel turner branch,0,informational,,informational
caregiving story,0,informational,,informational
second opinion ontario,0,informational,,informational
phases du processus de deuil,0,informational,,informational
substitute decisions act,250,informational,,informational
barrhaven revera,0,informational,,informational
london caregivers,0,commercial,,"informational,commercial"
isabelle turner library,0,informational,,informational
kingston library isabel turner,0,informational,,informational
government of ontario caregiver allowance,0,informational,,informational
"giver ontario,ca",0,informational,,informational
les étapes du deuil,350,informational,,informational
at what age does doctor-patient confidentiality begin in canada,0,informational,,informational
ontario patient advocates,0,informational,,informational
isabel turner branch,0,informational,,informational
revera barrhaven,0,informational,,informational
